"0","model_temp_3 <- glm(early_delivery ~ (.)^2, "
"0","              data = df_chem_centered %>% dplyr::select(dde, pcb_sum_all, triglycerides, cholesterol, early_delivery, race, smoking_status, center, score_occupation, maternal_age),"
"0","              family = ""binomial"")"
"2","glm.fit: fitted probabilities numerically 0 or 1 occurred"
"0","back_temp_3 <- step(model_temp_3)"
"1","Start:  AIC="
"1","2030.75"
"1","
"
"1","early_delivery ~ (dde + pcb_sum_all + triglycerides + cholesterol + "
"1","
    race + smoking_status + center + score_occupation + maternal_age)^2"
"1","

"
"2","glm.fit: fitted probabilities numerically 0 or 1 occurred"
"2","glm.fit: fitted probabilities numerically 0 or 1 occurred"
"2","glm.fit: fitted probabilities numerically 0 or 1 occurred"
"2","glm.fit: fitted probabilities numerically 0 or 1 occurred"
"2","glm.fit: fitted probabilities numerically 0 or 1 occurred"
"2","glm.fit: fitted probabilities numerically 0 or 1 occurred"
"2","glm.fit: fitted probabilities numerically 0 or 1 occurred"
"2","glm.fit: fitted probabilities numerically 0 or 1 occurred"
"2","glm.fit: fitted probabilities numerically 0 or 1 occurred"
"2","glm.fit: fitted probabilities numerically 0 or 1 occurred"
"2","glm.fit: fitted probabilities numerically 0 or 1 occurred"
"2","glm.fit: fitted probabilities numerically 0 or 1 occurred"
"2","glm.fit: fitted probabilities numerically 0 or 1 occurred"
"2","glm.fit: fitted probabilities numerically 0 or 1 occurred"
"2","glm.fit: fitted probabilities numerically 0 or 1 occurred"
"2","glm.fit: fitted probabilities numerically 0 or 1 occurred"
"2","glm.fit: fitted probabilities numerically 0 or 1 occurred"
"2","glm.fit: fitted probabilities numerically 0 or 1 occurred"
"2","glm.fit: fitted probabilities numerically 0 or 1 occurred"
"2","glm.fit: fitted probabilities numerically 0 or 1 occurred"
"2","glm.fit: fitted probabilities numerically 0 or 1 occurred"
"2","glm.fit: fitted probabilities numerically 0 or 1 occurred"
"2","glm.fit: fitted probabilities numerically 0 or 1 occurred"
"2","glm.fit: fitted probabilities numerically 0 or 1 occurred"
"2","glm.fit: fitted probabilities numerically 0 or 1 occurred"
"2","glm.fit: fitted probabilities numerically 0 or 1 occurred"
"2","glm.fit: fitted probabilities numerically 0 or 1 occurred"
"2","glm.fit: fitted probabilities numerically 0 or 1 occurred"
"2","glm.fit: fitted probabilities numerically 0 or 1 occurred"
"2","glm.fit: fitted probabilities numerically 0 or 1 occurred"
"2","glm.fit: fitted probabilities numerically 0 or 1 occurred"
"2","glm.fit: fitted probabilities numerically 0 or 1 occurred"
"1","                                 "
"1"," Df"
"1"," Deviance"
"1","    AIC"
"1","
- race:center                    "
"1"," 17"
"1","   1744.9"
"1"," 2010.9"
"1","
- smoking_status:center          "
"1"," 11"
"1","   1743.0"
"1"," 2021.0"
"1","
- dde:center                     "
"1"," 11"
"1","   1744.6"
"1"," 2022.6"
"1","
- triglycerides:center           "
"1"," 11"
"1","   1745.5"
"1"," 2023.5"
"1","
- center:maternal_age            "
"1"," 11"
"1","   1746.9"
"1"," 2024.9"
"1","
- center:score_occupation        "
"1"," 11"
"1","   1746.9"
"1"," 2024.9"
"1","
- race:maternal_age              "
"1","  2"
"1","   1731.3"
"1"," 2027.3"
"1","
- race:score_occupation          "
"1","  2"
"1","   1731.6"
"1"," 2027.6"
"1","
- triglycerides:score_occupation "
"1","  1"
"1","   1730.8"
"1"," 2028.8"
"1","
- dde:pcb_sum_all                "
"1","  1"
"1","   1730.8"
"1"," 2028.8"
"1","
- dde:smoking_status             "
"1","  1"
"1","   1730.8"
"1"," 2028.8"
"1","
- dde:triglycerides              "
"1","  1"
"1","   1730.8"
"1"," 2028.8"
"1","
- pcb_sum_all:score_occupation   "
"1","  1"
"1","   1730.8"
"1"," 2028.8"
"1","
- pcb_sum_all:triglycerides      "
"1","  1"
"1","   1730.8"
"1"," 2028.8"
"1","
- dde:cholesterol                "
"1","  1"
"1","   1730.8"
"1"," 2028.8"
"1","
- dde:maternal_age               "
"1","  1"
"1","   1731.0"
"1"," 2029.0"
"1","
- triglycerides:cholesterol      "
"1","  1"
"1","   1731.1"
"1"," 2029.1"
"1","
- smoking_status:score_occupation"
"1","  1"
"1","   1731.1"
"1"," 2029.1"
"1","
- score_occupation:maternal_age  "
"1","  1"
"1","   1731.1"
"1"," 2029.1"
"1","
- triglycerides:smoking_status   "
"1","  1"
"1","   1731.3"
"1"," 2029.3"
"1","
- dde:race                       "
"1","  2"
"1","   1733.5"
"1"," 2029.5"
"1","
- cholesterol:smoking_status     "
"1","  1"
"1","   1731.7"
"1"," 2029.7"
"1","
- smoking_status:maternal_age    "
"1","  1"
"1","   1731.7"
"1"," 2029.7"
"1","
- race:smoking_status            "
"1","  2"
"1","   1734.3"
"1"," 2030.3"
"1","
- cholesterol:maternal_age       "
"1","  1"
"1","   1732.5"
"1"," 2030.5"
"1","
- pcb_sum_all:cholesterol        "
"1","  1"
"1","   1732.5"
"1"," 2030.5"
"1","
- dde:score_occupation           "
"1","  1"
"1","   1732.5"
"1"," 2030.5"
"1","
<none>                           "
"1","   "
"1","   1730.8"
"1"," 2030.8"
"1","
- cholesterol:race               "
"1","  2"
"1","   1734.8"
"1"," 2030.8"
"1","
- pcb_sum_all:smoking_status     "
"1","  1"
"1","   1733.6"
"1"," 2031.6"
"1","
- triglycerides:maternal_age     "
"1","  1"
"1","   1733.9"
"1"," 2031.9"
"1","
- pcb_sum_all:center             "
"1"," 11"
"1","   1754.0"
"1"," 2032.0"
"1","
- pcb_sum_all:race               "
"1","  2"
"1","   1736.2"
"1"," 2032.2"
"1","
- cholesterol:score_occupation   "
"1","  1"
"1","   1735.2"
"1"," 2033.2"
"1","
- triglycerides:race             "
"1","  2"
"1","   1737.8"
"1"," 2033.8"
"1","
- pcb_sum_all:maternal_age       "
"1","  1"
"1","   1736.5"
"1"," 2034.5"
"1","
- cholesterol:center             "
"1"," 11"
"1","   1765.0"
"1"," 2043.0"
"1","
"
"2","glm.fit: fitted probabilities numerically 0 or 1 occurred"
"1","
Step:  AIC="
"1","2010.88"
"1","
"
"1","early_delivery ~ dde + pcb_sum_all + triglycerides + cholesterol + "
"1","
    race + smoking_status + center + score_occupation + maternal_age + "
"1","
    dde:pcb_sum_all + dde:triglycerides + dde:cholesterol + dde:race + "
"1","
    dde:smoking_status + dde:center + dde:score_occupation + "
"1","
    dde:maternal_age + pcb_sum_all:triglycerides + pcb_sum_all:cholesterol + "
"1","
    pcb_sum_all:race + pcb_sum_all:smoking_status + pcb_sum_all:center + "
"1","
    pcb_sum_all:score_occupation + pcb_sum_all:maternal_age + "
"1","
    triglycerides:cholesterol + triglycerides:race + triglycerides:smoking_status + "
"1","
    triglycerides:center + triglycerides:score_occupation + triglycerides:maternal_age + "
"1","
    cholesterol:race + cholesterol:smoking_status + cholesterol:center + "
"1","
    cholesterol:score_occupation + cholesterol:maternal_age + "
"1","
    race:smoking_status + race:score_occupation + race:maternal_age + "
"1","
    smoking_status:center + smoking_status:score_occupation + "
"1","
    smoking_status:maternal_age + center:score_occupation + center:maternal_age + "
"1","
    score_occupation:maternal_age"
"1","

"
"2","glm.fit: fitted probabilities numerically 0 or 1 occurred"
"2","glm.fit: fitted probabilities numerically 0 or 1 occurred"
"2","glm.fit: fitted probabilities numerically 0 or 1 occurred"
"2","glm.fit: fitted probabilities numerically 0 or 1 occurred"
"2","glm.fit: fitted probabilities numerically 0 or 1 occurred"
"2","glm.fit: fitted probabilities numerically 0 or 1 occurred"
"2","glm.fit: fitted probabilities numerically 0 or 1 occurred"
"2","glm.fit: fitted probabilities numerically 0 or 1 occurred"
"2","glm.fit: fitted probabilities numerically 0 or 1 occurred"
"2","glm.fit: fitted probabilities numerically 0 or 1 occurred"
"2","glm.fit: fitted probabilities numerically 0 or 1 occurred"
"2","glm.fit: fitted probabilities numerically 0 or 1 occurred"
"2","glm.fit: fitted probabilities numerically 0 or 1 occurred"
"2","glm.fit: fitted probabilities numerically 0 or 1 occurred"
"2","glm.fit: fitted probabilities numerically 0 or 1 occurred"
"2","glm.fit: fitted probabilities numerically 0 or 1 occurred"
"2","glm.fit: fitted probabilities numerically 0 or 1 occurred"
"2","glm.fit: fitted probabilities numerically 0 or 1 occurred"
"2","glm.fit: fitted probabilities numerically 0 or 1 occurred"
"2","glm.fit: fitted probabilities numerically 0 or 1 occurred"
"2","glm.fit: fitted probabilities numerically 0 or 1 occurred"
"2","glm.fit: fitted probabilities numerically 0 or 1 occurred"
"2","glm.fit: fitted probabilities numerically 0 or 1 occurred"
"2","glm.fit: fitted probabilities numerically 0 or 1 occurred"
"2","glm.fit: fitted probabilities numerically 0 or 1 occurred"
"2","glm.fit: fitted probabilities numerically 0 or 1 occurred"
"2","glm.fit: fitted probabilities numerically 0 or 1 occurred"
"2","glm.fit: fitted probabilities numerically 0 or 1 occurred"
"2","glm.fit: fitted probabilities numerically 0 or 1 occurred"
"2","glm.fit: fitted probabilities numerically 0 or 1 occurred"
"1","                                 "
"1"," Df"
"1"," Deviance"
"1","    AIC"
"1","
- smoking_status:center          "
"1"," 11"
"1","   1756.3"
"1"," 2000.3"
"1","
- dde:center                     "
"1"," 11"
"1","   1758.7"
"1"," 2002.7"
"1","
- center:maternal_age            "
"1"," 11"
"1","   1759.9"
"1"," 2003.9"
"1","
- center:score_occupation        "
"1"," 11"
"1","   1760.5"
"1"," 2004.5"
"1","
- triglycerides:center           "
"1"," 11"
"1","   1761.9"
"1"," 2005.9"
"1","
- race:score_occupation          "
"1","  2"
"1","   1745.0"
"1"," 2007.0"
"1","
- race:maternal_age              "
"1","  2"
"1","   1745.7"
"1"," 2007.7"
"1","
- triglycerides:score_occupation "
"1","  1"
"1","   1744.9"
"1"," 2008.9"
"1","
- dde:pcb_sum_all                "
"1","  1"
"1","   1744.9"
"1"," 2008.9"
"1","
- pcb_sum_all:triglycerides      "
"1","  1"
"1","   1744.9"
"1"," 2008.9"
"1","
- dde:cholesterol                "
"1","  1"
"1","   1744.9"
"1"," 2008.9"
"1","
- dde:smoking_status             "
"1","  1"
"1","   1745.0"
"1"," 2009.0"
"1","
- pcb_sum_all:score_occupation   "
"1","  1"
"1","   1745.0"
"1"," 2009.0"
"1","
- dde:triglycerides              "
"1","  1"
"1","   1745.0"
"1"," 2009.0"
"1","
- triglycerides:cholesterol      "
"1","  1"
"1","   1745.0"
"1"," 2009.0"
"1","
- dde:maternal_age               "
"1","  1"
"1","   1745.1"
"1"," 2009.1"
"1","
- score_occupation:maternal_age  "
"1","  1"
"1","   1745.2"
"1"," 2009.2"
"1","
- triglycerides:smoking_status   "
"1","  1"
"1","   1745.2"
"1"," 2009.2"
"1","
- smoking_status:score_occupation"
"1","  1"
"1","   1745.4"
"1"," 2009.4"
"1","
- cholesterol:smoking_status     "
"1","  1"
"1","   1745.6"
"1"," 2009.6"
"1","
- smoking_status:maternal_age    "
"1","  1"
"1","   1745.8"
"1"," 2009.8"
"1","
- cholesterol:race               "
"1","  2"
"1","   1748.0"
"1"," 2010.0"
"1","
- race:smoking_status            "
"1","  2"
"1","   1748.0"
"1"," 2010.0"
"1","
- dde:score_occupation           "
"1","  1"
"1","   1746.3"
"1"," 2010.3"
"1","
- cholesterol:maternal_age       "
"1","  1"
"1","   1746.3"
"1"," 2010.3"
"1","
- pcb_sum_all:cholesterol        "
"1","  1"
"1","   1746.5"
"1"," 2010.5"
"1","
<none>                           "
"1","   "
"1","   1744.9"
"1"," 2010.9"
"1","
- dde:race                       "
"1","  2"
"1","   1749.2"
"1"," 2011.2"
"1","
- pcb_sum_all:smoking_status     "
"1","  1"
"1","   1747.9"
"1"," 2011.9"
"1","
- triglycerides:maternal_age     "
"1","  1"
"1","   1748.4"
"1"," 2012.4"
"1","
- cholesterol:score_occupation   "
"1","  1"
"1","   1749.1"
"1"," 2013.1"
"1","
- pcb_sum_all:center             "
"1"," 11"
"1","   1769.8"
"1"," 2013.8"
"1","
- pcb_sum_all:race               "
"1","  2"
"1","   1752.2"
"1"," 2014.2"
"1","
- pcb_sum_all:maternal_age       "
"1","  1"
"1","   1750.6"
"1"," 2014.6"
"1","
- triglycerides:race             "
"1","  2"
"1","   1753.9"
"1"," 2015.9"
"1","
- cholesterol:center             "
"1"," 11"
"1","   1778.0"
"1"," 2022.0"
"1","
"
"1","
Step:  AIC="
"1","2000.29"
"1","
"
"1","early_delivery ~ dde + pcb_sum_all + triglycerides + cholesterol + "
"1","
    race + smoking_status + center + score_occupation + maternal_age + "
"1","
    dde:pcb_sum_all + dde:triglycerides + dde:cholesterol + dde:race + "
"1","
    dde:smoking_status + dde:center + dde:score_occupation + "
"1","
    dde:maternal_age + pcb_sum_all:triglycerides + pcb_sum_all:cholesterol + "
"1","
    pcb_sum_all:race + pcb_sum_all:smoking_status + pcb_sum_all:center + "
"1","
    pcb_sum_all:score_occupation + pcb_sum_all:maternal_age + "
"1","
    triglycerides:cholesterol + triglycerides:race + triglycerides:smoking_status + "
"1","
    triglycerides:center + triglycerides:score_occupation + triglycerides:maternal_age + "
"1","
    cholesterol:race + cholesterol:smoking_status + cholesterol:center + "
"1","
    cholesterol:score_occupation + cholesterol:maternal_age + "
"1","
    race:smoking_status + race:score_occupation + race:maternal_age + "
"1","
    smoking_status:score_occupation + smoking_status:maternal_age + "
"1","
    center:score_occupation + center:maternal_age + score_occupation:maternal_age"
"1","

"
"1","                                 "
"1"," Df"
"1"," Deviance"
"1","    AIC"
"1","
- dde:center                     "
"1"," 11"
"1","   1770.0"
"1"," 1992.0"
"1","
- center:score_occupation        "
"1"," 11"
"1","   1772.6"
"1"," 1994.6"
"1","
- center:maternal_age            "
"1"," 11"
"1","   1773.4"
"1"," 1995.4"
"1","
- race:score_occupation          "
"1","  2"
"1","   1756.5"
"1"," 1996.5"
"1","
- triglycerides:center           "
"1"," 11"
"1","   1775.0"
"1"," 1997.0"
"1","
- race:maternal_age              "
"1","  2"
"1","   1757.1"
"1"," 1997.1"
"1","
- dde:pcb_sum_all                "
"1","  1"
"1","   1756.3"
"1"," 1998.3"
"1","
- triglycerides:score_occupation "
"1","  1"
"1","   1756.3"
"1"," 1998.3"
"1","
- pcb_sum_all:triglycerides      "
"1","  1"
"1","   1756.3"
"1"," 1998.3"
"1","
- triglycerides:cholesterol      "
"1","  1"
"1","   1756.4"
"1"," 1998.4"
"1","
- pcb_sum_all:score_occupation   "
"1","  1"
"1","   1756.4"
"1"," 1998.4"
"1","
- dde:triglycerides              "
"1","  1"
"1","   1756.5"
"1"," 1998.5"
"1","
- dde:cholesterol                "
"1","  1"
"1","   1756.5"
"1"," 1998.5"
"1","
- score_occupation:maternal_age  "
"1","  1"
"1","   1756.5"
"1"," 1998.5"
"1","
- dde:maternal_age               "
"1","  1"
"1","   1756.7"
"1"," 1998.7"
"1","
- triglycerides:smoking_status   "
"1","  1"
"1","   1756.7"
"1"," 1998.7"
"1","
- cholesterol:smoking_status     "
"1","  1"
"1","   1757.1"
"1"," 1999.1"
"1","
- dde:smoking_status             "
"1","  1"
"1","   1757.2"
"1"," 1999.2"
"1","
- smoking_status:score_occupation"
"1","  1"
"1","   1757.2"
"1"," 1999.2"
"1","
- smoking_status:maternal_age    "
"1","  1"
"1","   1757.4"
"1"," 1999.4"
"1","
- cholesterol:race               "
"1","  2"
"1","   1759.5"
"1"," 1999.5"
"1","
- dde:score_occupation           "
"1","  1"
"1","   1757.6"
"1"," 1999.6"
"1","
- pcb_sum_all:cholesterol        "
"1","  1"
"1","   1757.7"
"1"," 1999.7"
"1","
- race:smoking_status            "
"1","  2"
"1","   1759.9"
"1"," 1999.9"
"1","
- pcb_sum_all:smoking_status     "
"1","  1"
"1","   1757.9"
"1"," 1999.9"
"1","
- cholesterol:maternal_age       "
"1","  1"
"1","   1758.0"
"1"," 2000.0"
"1","
<none>                           "
"1","   "
"1","   1756.3"
"1"," 2000.3"
"1","
- dde:race                       "
"1","  2"
"1","   1760.3"
"1"," 2000.3"
"1","
- pcb_sum_all:center             "
"1"," 11"
"1","   1778.6"
"1"," 2000.6"
"1","
- triglycerides:maternal_age     "
"1","  1"
"1","   1760.3"
"1"," 2002.3"
"1","
- cholesterol:score_occupation   "
"1","  1"
"1","   1760.3"
"1"," 2002.3"
"1","
- pcb_sum_all:race               "
"1","  2"
"1","   1763.5"
"1"," 2003.5"
"1","
- pcb_sum_all:maternal_age       "
"1","  1"
"1","   1762.0"
"1"," 2004.0"
"1","
- triglycerides:race             "
"1","  2"
"1","   1765.6"
"1"," 2005.6"
"1","
- cholesterol:center             "
"1"," 11"
"1","   1787.4"
"1"," 2009.4"
"1","
"
"1","
Step:  AIC="
"1","1992.03"
"1","
"
"1","early_delivery ~ dde + pcb_sum_all + triglycerides + cholesterol + "
"1","
    race + smoking_status + center + score_occupation + maternal_age + "
"1","
    dde:pcb_sum_all + dde:triglycerides + dde:cholesterol + dde:race + "
"1","
    dde:smoking_status + dde:score_occupation + dde:maternal_age + "
"1","
    pcb_sum_all:triglycerides + pcb_sum_all:cholesterol + pcb_sum_all:race + "
"1","
    pcb_sum_all:smoking_status + pcb_sum_all:center + pcb_sum_all:score_occupation + "
"1","
    pcb_sum_all:maternal_age + triglycerides:cholesterol + triglycerides:race + "
"1","
    triglycerides:smoking_status + triglycerides:center + triglycerides:score_occupation + "
"1","
    triglycerides:maternal_age + cholesterol:race + cholesterol:smoking_status + "
"1","
    cholesterol:center + cholesterol:score_occupation + cholesterol:maternal_age + "
"1","
    race:smoking_status + race:score_occupation + race:maternal_age + "
"1","
    smoking_status:score_occupation + smoking_status:maternal_age + "
"1","
    center:score_occupation + center:maternal_age + score_occupation:maternal_age"
"1","

"
"1","                                 "
"1"," Df"
"1"," Deviance"
"1","    AIC"
"1","
- center:score_occupation        "
"1"," 11"
"1","   1786.4"
"1"," 1986.4"
"1","
- center:maternal_age            "
"1"," 11"
"1","   1787.0"
"1"," 1987.0"
"1","
- race:score_occupation          "
"1","  2"
"1","   1770.2"
"1"," 1988.2"
"1","
- race:maternal_age              "
"1","  2"
"1","   1771.1"
"1"," 1989.1"
"1","
- triglycerides:center           "
"1"," 11"
"1","   1789.2"
"1"," 1989.2"
"1","
- dde:race                       "
"1","  2"
"1","   1771.3"
"1"," 1989.3"
"1","
- triglycerides:score_occupation "
"1","  1"
"1","   1770.0"
"1"," 1990.0"
"1","
- dde:maternal_age               "
"1","  1"
"1","   1770.0"
"1"," 1990.0"
"1","
- dde:cholesterol                "
"1","  1"
"1","   1770.1"
"1"," 1990.1"
"1","
- triglycerides:cholesterol      "
"1","  1"
"1","   1770.1"
"1"," 1990.1"
"1","
- pcb_sum_all:triglycerides      "
"1","  1"
"1","   1770.1"
"1"," 1990.1"
"1","
- pcb_sum_all:score_occupation   "
"1","  1"
"1","   1770.1"
"1"," 1990.1"
"1","
- score_occupation:maternal_age  "
"1","  1"
"1","   1770.2"
"1"," 1990.2"
"1","
- dde:triglycerides              "
"1","  1"
"1","   1770.2"
"1"," 1990.2"
"1","
- dde:smoking_status             "
"1","  1"
"1","   1770.2"
"1"," 1990.2"
"1","
- triglycerides:smoking_status   "
"1","  1"
"1","   1770.5"
"1"," 1990.5"
"1","
- cholesterol:smoking_status     "
"1","  1"
"1","   1770.6"
"1"," 1990.6"
"1","
- dde:pcb_sum_all                "
"1","  1"
"1","   1770.7"
"1"," 1990.7"
"1","
- dde:score_occupation           "
"1","  1"
"1","   1771.0"
"1"," 1991.0"
"1","
- smoking_status:score_occupation"
"1","  1"
"1","   1771.1"
"1"," 1991.1"
"1","
- cholesterol:race               "
"1","  2"
"1","   1773.2"
"1"," 1991.2"
"1","
- smoking_status:maternal_age    "
"1","  1"
"1","   1771.2"
"1"," 1991.2"
"1","
- race:smoking_status            "
"1","  2"
"1","   1773.2"
"1"," 1991.2"
"1","
- pcb_sum_all:smoking_status     "
"1","  1"
"1","   1771.7"
"1"," 1991.7"
"1","
- cholesterol:maternal_age       "
"1","  1"
"1","   1771.8"
"1"," 1991.8"
"1","
<none>                           "
"1","   "
"1","   1770.0"
"1"," 1992.0"
"1","
- pcb_sum_all:cholesterol        "
"1","  1"
"1","   1772.1"
"1"," 1992.1"
"1","
- cholesterol:score_occupation   "
"1","  1"
"1","   1774.2"
"1"," 1994.2"
"1","
- triglycerides:maternal_age     "
"1","  1"
"1","   1774.5"
"1"," 1994.5"
"1","
- pcb_sum_all:race               "
"1","  2"
"1","   1777.0"
"1"," 1995.0"
"1","
- triglycerides:race             "
"1","  2"
"1","   1779.1"
"1"," 1997.1"
"1","
- pcb_sum_all:maternal_age       "
"1","  1"
"1","   1777.8"
"1"," 1997.8"
"1","
- pcb_sum_all:center             "
"1"," 11"
"1","   1798.3"
"1"," 1998.3"
"1","
- cholesterol:center             "
"1"," 11"
"1","   1799.8"
"1"," 1999.8"
"1","
"
"1","
Step:  AIC="
"1","1986.42"
"1","
"
"1","early_delivery ~ dde + pcb_sum_all + triglycerides + cholesterol + "
"1","
    race + smoking_status + center + score_occupation + maternal_age + "
"1","
    dde:pcb_sum_all + dde:triglycerides + dde:cholesterol + dde:race + "
"1","
    dde:smoking_status + dde:score_occupation + dde:maternal_age + "
"1","
    pcb_sum_all:triglycerides + pcb_sum_all:cholesterol + pcb_sum_all:race + "
"1","
    pcb_sum_all:smoking_status + pcb_sum_all:center + pcb_sum_all:score_occupation + "
"1","
    pcb_sum_all:maternal_age + triglycerides:cholesterol + triglycerides:race + "
"1","
    triglycerides:smoking_status + triglycerides:center + triglycerides:score_occupation + "
"1","
    triglycerides:maternal_age + cholesterol:race + cholesterol:smoking_status + "
"1","
    cholesterol:center + cholesterol:score_occupation + cholesterol:maternal_age + "
"1","
    race:smoking_status + race:score_occupation + race:maternal_age + "
"1","
    smoking_status:score_occupation + smoking_status:maternal_age + "
"1","
    center:maternal_age + score_occupation:maternal_age"
"1","

"
"1","                                 "
"1"," Df"
"1"," Deviance"
"1","    AIC"
"1","
- center:maternal_age            "
"1"," 11"
"1","   1803.2"
"1"," 1981.2"
"1","
- triglycerides:center           "
"1"," 11"
"1","   1804.6"
"1"," 1982.6"
"1","
- dde:race                       "
"1","  2"
"1","   1787.4"
"1"," 1983.4"
"1","
- race:maternal_age              "
"1","  2"
"1","   1787.8"
"1"," 1983.8"
"1","
- race:score_occupation          "
"1","  2"
"1","   1787.8"
"1"," 1983.8"
"1","
- dde:cholesterol                "
"1","  1"
"1","   1786.4"
"1"," 1984.4"
"1","
- dde:maternal_age               "
"1","  1"
"1","   1786.4"
"1"," 1984.4"
"1","
- triglycerides:score_occupation "
"1","  1"
"1","   1786.4"
"1"," 1984.4"
"1","
- triglycerides:cholesterol      "
"1","  1"
"1","   1786.5"
"1"," 1984.5"
"1","
- pcb_sum_all:triglycerides      "
"1","  1"
"1","   1786.5"
"1"," 1984.5"
"1","
- dde:triglycerides              "
"1","  1"
"1","   1786.6"
"1"," 1984.6"
"1","
- pcb_sum_all:score_occupation   "
"1","  1"
"1","   1786.8"
"1"," 1984.8"
"1","
- dde:smoking_status             "
"1","  1"
"1","   1786.8"
"1"," 1984.8"
"1","
- cholesterol:smoking_status     "
"1","  1"
"1","   1786.8"
"1"," 1984.8"
"1","
- dde:pcb_sum_all                "
"1","  1"
"1","   1786.8"
"1"," 1984.8"
"1","
- score_occupation:maternal_age  "
"1","  1"
"1","   1786.8"
"1"," 1984.8"
"1","
- triglycerides:smoking_status   "
"1","  1"
"1","   1786.9"
"1"," 1984.9"
"1","
- dde:score_occupation           "
"1","  1"
"1","   1787.2"
"1"," 1985.2"
"1","
- race:smoking_status            "
"1","  2"
"1","   1789.5"
"1"," 1985.5"
"1","
- smoking_status:maternal_age    "
"1","  1"
"1","   1787.5"
"1"," 1985.5"
"1","
- smoking_status:score_occupation"
"1","  1"
"1","   1787.7"
"1"," 1985.7"
"1","
- cholesterol:maternal_age       "
"1","  1"
"1","   1787.8"
"1"," 1985.8"
"1","
- pcb_sum_all:smoking_status     "
"1","  1"
"1","   1787.9"
"1"," 1985.9"
"1","
- cholesterol:race               "
"1","  2"
"1","   1790.0"
"1"," 1986.0"
"1","
- pcb_sum_all:center             "
"1"," 11"
"1","   1808.1"
"1"," 1986.1"
"1","
<none>                           "
"1","   "
"1","   1786.4"
"1"," 1986.4"
"1","
- pcb_sum_all:cholesterol        "
"1","  1"
"1","   1788.4"
"1"," 1986.4"
"1","
- cholesterol:score_occupation   "
"1","  1"
"1","   1788.8"
"1"," 1986.8"
"1","
- pcb_sum_all:race               "
"1","  2"
"1","   1792.3"
"1"," 1988.3"
"1","
- triglycerides:maternal_age     "
"1","  1"
"1","   1790.4"
"1"," 1988.4"
"1","
- cholesterol:center             "
"1"," 11"
"1","   1811.0"
"1"," 1989.0"
"1","
- triglycerides:race             "
"1","  2"
"1","   1794.5"
"1"," 1990.5"
"1","
- pcb_sum_all:maternal_age       "
"1","  1"
"1","   1794.5"
"1"," 1992.5"
"1","
"
"1","
Step:  AIC="
"1","1981.17"
"1","
"
"1","early_delivery ~ dde + pcb_sum_all + triglycerides + cholesterol + "
"1","
    race + smoking_status + center + score_occupation + maternal_age + "
"1","
    dde:pcb_sum_all + dde:triglycerides + dde:cholesterol + dde:race + "
"1","
    dde:smoking_status + dde:score_occupation + dde:maternal_age + "
"1","
    pcb_sum_all:triglycerides + pcb_sum_all:cholesterol + pcb_sum_all:race + "
"1","
    pcb_sum_all:smoking_status + pcb_sum_all:center + pcb_sum_all:score_occupation + "
"1","
    pcb_sum_all:maternal_age + triglycerides:cholesterol + triglycerides:race + "
"1","
    triglycerides:smoking_status + triglycerides:center + triglycerides:score_occupation + "
"1","
    triglycerides:maternal_age + cholesterol:race + cholesterol:smoking_status + "
"1","
    cholesterol:center + cholesterol:score_occupation + cholesterol:maternal_age + "
"1","
    race:smoking_status + race:score_occupation + race:maternal_age + "
"1","
    smoking_status:score_occupation + smoking_status:maternal_age + "
"1","
    score_occupation:maternal_age"
"1","

"
"1","                                 "
"1"," Df"
"1"," Deviance"
"1","    AIC"
"1","
- triglycerides:center           "
"1"," 11"
"1","   1818.8"
"1"," 1974.8"
"1","
- dde:race                       "
"1","  2"
"1","   1804.0"
"1"," 1978.0"
"1","
- race:score_occupation          "
"1","  2"
"1","   1804.7"
"1"," 1978.7"
"1","
- dde:cholesterol                "
"1","  1"
"1","   1803.2"
"1"," 1979.2"
"1","
- triglycerides:score_occupation "
"1","  1"
"1","   1803.2"
"1"," 1979.2"
"1","
- pcb_sum_all:triglycerides      "
"1","  1"
"1","   1803.2"
"1"," 1979.2"
"1","
- dde:maternal_age               "
"1","  1"
"1","   1803.2"
"1"," 1979.2"
"1","
- triglycerides:cholesterol      "
"1","  1"
"1","   1803.3"
"1"," 1979.3"
"1","
- dde:triglycerides              "
"1","  1"
"1","   1803.3"
"1"," 1979.3"
"1","
- pcb_sum_all:center             "
"1"," 11"
"1","   1823.3"
"1"," 1979.3"
"1","
- score_occupation:maternal_age  "
"1","  1"
"1","   1803.4"
"1"," 1979.4"
"1","
- triglycerides:smoking_status   "
"1","  1"
"1","   1803.4"
"1"," 1979.4"
"1","
- dde:smoking_status             "
"1","  1"
"1","   1803.4"
"1"," 1979.4"
"1","
- cholesterol:smoking_status     "
"1","  1"
"1","   1803.5"
"1"," 1979.5"
"1","
- pcb_sum_all:score_occupation   "
"1","  1"
"1","   1803.6"
"1"," 1979.6"
"1","
- dde:pcb_sum_all                "
"1","  1"
"1","   1803.6"
"1"," 1979.6"
"1","
- cholesterol:maternal_age       "
"1","  1"
"1","   1803.8"
"1"," 1979.8"
"1","
- dde:score_occupation           "
"1","  1"
"1","   1804.2"
"1"," 1980.2"
"1","
- race:smoking_status            "
"1","  2"
"1","   1806.4"
"1"," 1980.4"
"1","
- smoking_status:score_occupation"
"1","  1"
"1","   1804.7"
"1"," 1980.7"
"1","
- cholesterol:race               "
"1","  2"
"1","   1806.7"
"1"," 1980.7"
"1","
- pcb_sum_all:cholesterol        "
"1","  1"
"1","   1804.8"
"1"," 1980.8"
"1","
- pcb_sum_all:smoking_status     "
"1","  1"
"1","   1804.8"
"1"," 1980.8"
"1","
- smoking_status:maternal_age    "
"1","  1"
"1","   1804.9"
"1"," 1980.9"
"1","
<none>                           "
"1","   "
"1","   1803.2"
"1"," 1981.2"
"1","
- cholesterol:score_occupation   "
"1","  1"
"1","   1805.4"
"1"," 1981.4"
"1","
- race:maternal_age              "
"1","  2"
"1","   1807.5"
"1"," 1981.5"
"1","
- cholesterol:center             "
"1"," 11"
"1","   1826.5"
"1"," 1982.5"
"1","
- pcb_sum_all:race               "
"1","  2"
"1","   1808.7"
"1"," 1982.7"
"1","
- triglycerides:maternal_age     "
"1","  1"
"1","   1807.0"
"1"," 1983.0"
"1","
- pcb_sum_all:maternal_age       "
"1","  1"
"1","   1808.0"
"1"," 1984.0"
"1","
- triglycerides:race             "
"1","  2"
"1","   1810.8"
"1"," 1984.8"
"1","
"
"1","
Step:  AIC="
"1","1974.76"
"1","
"
"1","early_delivery ~ dde + pcb_sum_all + triglycerides + cholesterol + "
"1","
    race + smoking_status + center + score_occupation + maternal_age + "
"1","
    dde:pcb_sum_all + dde:triglycerides + dde:cholesterol + dde:race + "
"1","
    dde:smoking_status + dde:score_occupation + dde:maternal_age + "
"1","
    pcb_sum_all:triglycerides + pcb_sum_all:cholesterol + pcb_sum_all:race + "
"1","
    pcb_sum_all:smoking_status + pcb_sum_all:center + pcb_sum_all:score_occupation + "
"1","
    pcb_sum_all:maternal_age + triglycerides:cholesterol + triglycerides:race + "
"1","
    triglycerides:smoking_status + triglycerides:score_occupation + "
"1","
    triglycerides:maternal_age + cholesterol:race + cholesterol:smoking_status + "
"1","
    cholesterol:center + cholesterol:score_occupation + cholesterol:maternal_age + "
"1","
    race:smoking_status + race:score_occupation + race:maternal_age + "
"1","
    smoking_status:score_occupation + smoking_status:maternal_age + "
"1","
    score_occupation:maternal_age"
"1","

"
"1","                                 "
"1"," Df"
"1"," Deviance"
"1","    AIC"
"1","
- dde:race                       "
"1","  2"
"1","   1819.4"
"1"," 1971.4"
"1","
- cholesterol:center             "
"1"," 11"
"1","   1838.6"
"1"," 1972.6"
"1","
- race:score_occupation          "
"1","  2"
"1","   1820.6"
"1"," 1972.6"
"1","
- dde:triglycerides              "
"1","  1"
"1","   1818.8"
"1"," 1972.8"
"1","
- dde:cholesterol                "
"1","  1"
"1","   1818.8"
"1"," 1972.8"
"1","
- cholesterol:smoking_status     "
"1","  1"
"1","   1818.8"
"1"," 1972.8"
"1","
- dde:maternal_age               "
"1","  1"
"1","   1818.8"
"1"," 1972.8"
"1","
- triglycerides:score_occupation "
"1","  1"
"1","   1818.8"
"1"," 1972.8"
"1","
- triglycerides:smoking_status   "
"1","  1"
"1","   1818.9"
"1"," 1972.9"
"1","
- triglycerides:cholesterol      "
"1","  1"
"1","   1818.9"
"1"," 1972.9"
"1","
- score_occupation:maternal_age  "
"1","  1"
"1","   1819.0"
"1"," 1973.0"
"1","
- dde:smoking_status             "
"1","  1"
"1","   1819.0"
"1"," 1973.0"
"1","
- pcb_sum_all:triglycerides      "
"1","  1"
"1","   1819.1"
"1"," 1973.1"
"1","
- pcb_sum_all:score_occupation   "
"1","  1"
"1","   1819.1"
"1"," 1973.1"
"1","
- cholesterol:maternal_age       "
"1","  1"
"1","   1819.2"
"1"," 1973.2"
"1","
- cholesterol:race               "
"1","  2"
"1","   1821.2"
"1"," 1973.2"
"1","
- pcb_sum_all:center             "
"1"," 11"
"1","   1839.2"
"1"," 1973.2"
"1","
- dde:pcb_sum_all                "
"1","  1"
"1","   1819.3"
"1"," 1973.3"
"1","
- race:smoking_status            "
"1","  2"
"1","   1821.3"
"1"," 1973.3"
"1","
- dde:score_occupation           "
"1","  1"
"1","   1819.6"
"1"," 1973.6"
"1","
- smoking_status:maternal_age    "
"1","  1"
"1","   1819.8"
"1"," 1973.8"
"1","
- pcb_sum_all:smoking_status     "
"1","  1"
"1","   1820.3"
"1"," 1974.3"
"1","
- pcb_sum_all:cholesterol        "
"1","  1"
"1","   1820.5"
"1"," 1974.5"
"1","
- cholesterol:score_occupation   "
"1","  1"
"1","   1820.6"
"1"," 1974.6"
"1","
<none>                           "
"1","   "
"1","   1818.8"
"1"," 1974.8"
"1","
- smoking_status:score_occupation"
"1","  1"
"1","   1821.0"
"1"," 1975.0"
"1","
- race:maternal_age              "
"1","  2"
"1","   1823.2"
"1"," 1975.2"
"1","
- triglycerides:race             "
"1","  2"
"1","   1823.6"
"1"," 1975.6"
"1","
- pcb_sum_all:race               "
"1","  2"
"1","   1823.6"
"1"," 1975.6"
"1","
- triglycerides:maternal_age     "
"1","  1"
"1","   1821.7"
"1"," 1975.7"
"1","
- pcb_sum_all:maternal_age       "
"1","  1"
"1","   1823.8"
"1"," 1977.8"
"1","
"
"1","
Step:  AIC="
"1","1971.39"
"1","
"
"1","early_delivery ~ dde + pcb_sum_all + triglycerides + cholesterol + "
"1","
    race + smoking_status + center + score_occupation + maternal_age + "
"1","
    dde:pcb_sum_all + dde:triglycerides + dde:cholesterol + dde:smoking_status + "
"1","
    dde:score_occupation + dde:maternal_age + pcb_sum_all:triglycerides + "
"1","
    pcb_sum_all:cholesterol + pcb_sum_all:race + pcb_sum_all:smoking_status + "
"1","
    pcb_sum_all:center + pcb_sum_all:score_occupation + pcb_sum_all:maternal_age + "
"1","
    triglycerides:cholesterol + triglycerides:race + triglycerides:smoking_status + "
"1","
    triglycerides:score_occupation + triglycerides:maternal_age + "
"1","
    cholesterol:race + cholesterol:smoking_status + cholesterol:center + "
"1","
    cholesterol:score_occupation + cholesterol:maternal_age + "
"1","
    race:smoking_status + race:score_occupation + race:maternal_age + "
"1","
    smoking_status:score_occupation + smoking_status:maternal_age + "
"1","
    score_occupation:maternal_age"
"1","

"
"1","                                 "
"1"," Df"
"1"," Deviance"
"1","    AIC"
"1","
- race:score_occupation          "
"1","  2"
"1","   1821.1"
"1"," 1969.1"
"1","
- cholesterol:center             "
"1"," 11"
"1","   1839.3"
"1"," 1969.3"
"1","
- dde:triglycerides              "
"1","  1"
"1","   1819.4"
"1"," 1969.4"
"1","
- dde:cholesterol                "
"1","  1"
"1","   1819.4"
"1"," 1969.4"
"1","
- cholesterol:smoking_status     "
"1","  1"
"1","   1819.4"
"1"," 1969.4"
"1","
- triglycerides:score_occupation "
"1","  1"
"1","   1819.4"
"1"," 1969.4"
"1","
- dde:maternal_age               "
"1","  1"
"1","   1819.5"
"1"," 1969.5"
"1","
- triglycerides:smoking_status   "
"1","  1"
"1","   1819.5"
"1"," 1969.5"
"1","
- triglycerides:cholesterol      "
"1","  1"
"1","   1819.5"
"1"," 1969.5"
"1","
- score_occupation:maternal_age  "
"1","  1"
"1","   1819.6"
"1"," 1969.6"
"1","
- dde:smoking_status             "
"1","  1"
"1","   1819.7"
"1"," 1969.7"
"1","
- cholesterol:race               "
"1","  2"
"1","   1821.7"
"1"," 1969.7"
"1","
- pcb_sum_all:triglycerides      "
"1","  1"
"1","   1819.7"
"1"," 1969.7"
"1","
- pcb_sum_all:score_occupation   "
"1","  1"
"1","   1819.7"
"1"," 1969.7"
"1","
- cholesterol:maternal_age       "
"1","  1"
"1","   1819.8"
"1"," 1969.8"
"1","
- dde:pcb_sum_all                "
"1","  1"
"1","   1819.8"
"1"," 1969.8"
"1","
- pcb_sum_all:center             "
"1"," 11"
"1","   1839.8"
"1"," 1969.8"
"1","
- race:smoking_status            "
"1","  2"
"1","   1822.0"
"1"," 1970.0"
"1","
- dde:score_occupation           "
"1","  1"
"1","   1820.3"
"1"," 1970.3"
"1","
- smoking_status:maternal_age    "
"1","  1"
"1","   1820.5"
"1"," 1970.5"
"1","
- pcb_sum_all:smoking_status     "
"1","  1"
"1","   1820.9"
"1"," 1970.9"
"1","
- pcb_sum_all:cholesterol        "
"1","  1"
"1","   1821.1"
"1"," 1971.1"
"1","
- cholesterol:score_occupation   "
"1","  1"
"1","   1821.3"
"1"," 1971.3"
"1","
<none>                           "
"1","   "
"1","   1819.4"
"1"," 1971.4"
"1","
- race:maternal_age              "
"1","  2"
"1","   1823.4"
"1"," 1971.4"
"1","
- smoking_status:score_occupation"
"1","  1"
"1","   1821.6"
"1"," 1971.6"
"1","
- pcb_sum_all:race               "
"1","  2"
"1","   1823.7"
"1"," 1971.7"
"1","
- triglycerides:race             "
"1","  2"
"1","   1824.3"
"1"," 1972.3"
"1","
- triglycerides:maternal_age     "
"1","  1"
"1","   1822.3"
"1"," 1972.3"
"1","
- pcb_sum_all:maternal_age       "
"1","  1"
"1","   1824.4"
"1"," 1974.4"
"1","
"
"1","
Step:  AIC="
"1","1969.1"
"1","
"
"1","early_delivery ~ dde + pcb_sum_all + triglycerides + cholesterol + "
"1","
    race + smoking_status + center + score_occupation + maternal_age + "
"1","
    dde:pcb_sum_all + dde:triglycerides + dde:cholesterol + dde:smoking_status + "
"1","
    dde:score_occupation + dde:maternal_age + pcb_sum_all:triglycerides + "
"1","
    pcb_sum_all:cholesterol + pcb_sum_all:race + pcb_sum_all:smoking_status + "
"1","
    pcb_sum_all:center + pcb_sum_all:score_occupation + pcb_sum_all:maternal_age + "
"1","
    triglycerides:cholesterol + triglycerides:race + triglycerides:smoking_status + "
"1","
    triglycerides:score_occupation + triglycerides:maternal_age + "
"1","
    cholesterol:race + cholesterol:smoking_status + cholesterol:center + "
"1","
    cholesterol:score_occupation + cholesterol:maternal_age + "
"1","
    race:smoking_status + race:maternal_age + smoking_status:score_occupation + "
"1","
    smoking_status:maternal_age + score_occupation:maternal_age"
"1","

"
"1","                                 "
"1"," Df"
"1"," Deviance"
"1","    AIC"
"1","
- dde:triglycerides              "
"1","  1"
"1","   1821.1"
"1"," 1967.1"
"1","
- cholesterol:smoking_status     "
"1","  1"
"1","   1821.1"
"1"," 1967.1"
"1","
- dde:cholesterol                "
"1","  1"
"1","   1821.1"
"1"," 1967.1"
"1","
- triglycerides:score_occupation "
"1","  1"
"1","   1821.1"
"1"," 1967.1"
"1","
- dde:maternal_age               "
"1","  1"
"1","   1821.2"
"1"," 1967.2"
"1","
- triglycerides:smoking_status   "
"1","  1"
"1","   1821.2"
"1"," 1967.2"
"1","
- triglycerides:cholesterol      "
"1","  1"
"1","   1821.3"
"1"," 1967.3"
"1","
- score_occupation:maternal_age  "
"1","  1"
"1","   1821.3"
"1"," 1967.3"
"1","
- pcb_sum_all:score_occupation   "
"1","  1"
"1","   1821.3"
"1"," 1967.3"
"1","
- dde:smoking_status             "
"1","  1"
"1","   1821.4"
"1"," 1967.4"
"1","
- cholesterol:center             "
"1"," 11"
"1","   1841.5"
"1"," 1967.5"
"1","
- pcb_sum_all:triglycerides      "
"1","  1"
"1","   1821.5"
"1"," 1967.5"
"1","
- cholesterol:maternal_age       "
"1","  1"
"1","   1821.5"
"1"," 1967.5"
"1","
- cholesterol:race               "
"1","  2"
"1","   1823.5"
"1"," 1967.5"
"1","
- dde:pcb_sum_all                "
"1","  1"
"1","   1821.6"
"1"," 1967.6"
"1","
- pcb_sum_all:center             "
"1"," 11"
"1","   1841.7"
"1"," 1967.7"
"1","
- race:smoking_status            "
"1","  2"
"1","   1823.7"
"1"," 1967.7"
"1","
- dde:score_occupation           "
"1","  1"
"1","   1822.1"
"1"," 1968.1"
"1","
- smoking_status:maternal_age    "
"1","  1"
"1","   1822.2"
"1"," 1968.2"
"1","
- pcb_sum_all:smoking_status     "
"1","  1"
"1","   1822.6"
"1"," 1968.6"
"1","
- race:maternal_age              "
"1","  2"
"1","   1824.7"
"1"," 1968.7"
"1","
- pcb_sum_all:cholesterol        "
"1","  1"
"1","   1822.8"
"1"," 1968.8"
"1","
- cholesterol:score_occupation   "
"1","  1"
"1","   1822.8"
"1"," 1968.8"
"1","
<none>                           "
"1","   "
"1","   1821.1"
"1"," 1969.1"
"1","
- smoking_status:score_occupation"
"1","  1"
"1","   1823.3"
"1"," 1969.3"
"1","
- triglycerides:maternal_age     "
"1","  1"
"1","   1823.9"
"1"," 1969.9"
"1","
- triglycerides:race             "
"1","  2"
"1","   1826.4"
"1"," 1970.4"
"1","
- pcb_sum_all:race               "
"1","  2"
"1","   1827.5"
"1"," 1971.5"
"1","
- pcb_sum_all:maternal_age       "
"1","  1"
"1","   1826.1"
"1"," 1972.1"
"1","
"
"1","
Step:  AIC="
"1","1967.1"
"1","
"
"1","early_delivery ~ dde + pcb_sum_all + triglycerides + cholesterol + "
"1","
    race + smoking_status + center + score_occupation + maternal_age + "
"1","
    dde:pcb_sum_all + dde:cholesterol + dde:smoking_status + "
"1","
    dde:score_occupation + dde:maternal_age + pcb_sum_all:triglycerides + "
"1","
    pcb_sum_all:cholesterol + pcb_sum_all:race + pcb_sum_all:smoking_status + "
"1","
    pcb_sum_all:center + pcb_sum_all:score_occupation + pcb_sum_all:maternal_age + "
"1","
    triglycerides:cholesterol + triglycerides:race + triglycerides:smoking_status + "
"1","
    triglycerides:score_occupation + triglycerides:maternal_age + "
"1","
    cholesterol:race + cholesterol:smoking_status + cholesterol:center + "
"1","
    cholesterol:score_occupation + cholesterol:maternal_age + "
"1","
    race:smoking_status + race:maternal_age + smoking_status:score_occupation + "
"1","
    smoking_status:maternal_age + score_occupation:maternal_age"
"1","

"
"1","                                 "
"1"," Df"
"1"," Deviance"
"1","    AIC"
"1","
- cholesterol:smoking_status     "
"1","  1"
"1","   1821.1"
"1"," 1965.1"
"1","
- dde:cholesterol                "
"1","  1"
"1","   1821.1"
"1"," 1965.1"
"1","
- triglycerides:score_occupation "
"1","  1"
"1","   1821.2"
"1"," 1965.2"
"1","
- triglycerides:smoking_status   "
"1","  1"
"1","   1821.2"
"1"," 1965.2"
"1","
- dde:maternal_age               "
"1","  1"
"1","   1821.2"
"1"," 1965.2"
"1","
- triglycerides:cholesterol      "
"1","  1"
"1","   1821.3"
"1"," 1965.3"
"1","
- score_occupation:maternal_age  "
"1","  1"
"1","   1821.3"
"1"," 1965.3"
"1","
- pcb_sum_all:score_occupation   "
"1","  1"
"1","   1821.3"
"1"," 1965.3"
"1","
- dde:smoking_status             "
"1","  1"
"1","   1821.4"
"1"," 1965.4"
"1","
- cholesterol:center             "
"1"," 11"
"1","   1841.5"
"1"," 1965.5"
"1","
- pcb_sum_all:triglycerides      "
"1","  1"
"1","   1821.5"
"1"," 1965.5"
"1","
- cholesterol:maternal_age       "
"1","  1"
"1","   1821.5"
"1"," 1965.5"
"1","
- cholesterol:race               "
"1","  2"
"1","   1823.6"
"1"," 1965.6"
"1","
- dde:pcb_sum_all                "
"1","  1"
"1","   1821.6"
"1"," 1965.6"
"1","
- pcb_sum_all:center             "
"1"," 11"
"1","   1841.7"
"1"," 1965.7"
"1","
- race:smoking_status            "
"1","  2"
"1","   1823.8"
"1"," 1965.8"
"1","
- dde:score_occupation           "
"1","  1"
"1","   1822.1"
"1"," 1966.1"
"1","
- smoking_status:maternal_age    "
"1","  1"
"1","   1822.2"
"1"," 1966.2"
"1","
- pcb_sum_all:smoking_status     "
"1","  1"
"1","   1822.6"
"1"," 1966.6"
"1","
- race:maternal_age              "
"1","  2"
"1","   1824.7"
"1"," 1966.7"
"1","
- pcb_sum_all:cholesterol        "
"1","  1"
"1","   1822.8"
"1"," 1966.8"
"1","
- cholesterol:score_occupation   "
"1","  1"
"1","   1822.8"
"1"," 1966.8"
"1","
<none>                           "
"1","   "
"1","   1821.1"
"1"," 1967.1"
"1","
- smoking_status:score_occupation"
"1","  1"
"1","   1823.3"
"1"," 1967.3"
"1","
- triglycerides:maternal_age     "
"1","  1"
"1","   1823.9"
"1"," 1967.9"
"1","
- triglycerides:race             "
"1","  2"
"1","   1826.4"
"1"," 1968.4"
"1","
- pcb_sum_all:race               "
"1","  2"
"1","   1827.5"
"1"," 1969.5"
"1","
- pcb_sum_all:maternal_age       "
"1","  1"
"1","   1826.2"
"1"," 1970.2"
"1","
"
"1","
Step:  AIC="
"1","1965.12"
"1","
"
"1","early_delivery ~ dde + pcb_sum_all + triglycerides + cholesterol + "
"1","
    race + smoking_status + center + score_occupation + maternal_age + "
"1","
    dde:pcb_sum_all + dde:cholesterol + dde:smoking_status + "
"1","
    dde:score_occupation + dde:maternal_age + pcb_sum_all:triglycerides + "
"1","
    pcb_sum_all:cholesterol + pcb_sum_all:race + pcb_sum_all:smoking_status + "
"1","
    pcb_sum_all:center + pcb_sum_all:score_occupation + pcb_sum_all:maternal_age + "
"1","
    triglycerides:cholesterol + triglycerides:race + triglycerides:smoking_status + "
"1","
    triglycerides:score_occupation + triglycerides:maternal_age + "
"1","
    cholesterol:race + cholesterol:center + cholesterol:score_occupation + "
"1","
    cholesterol:maternal_age + race:smoking_status + race:maternal_age + "
"1","
    smoking_status:score_occupation + smoking_status:maternal_age + "
"1","
    score_occupation:maternal_age"
"1","

"
"1","                                 "
"1"," Df"
"1"," Deviance"
"1","    AIC"
"1","
- dde:cholesterol                "
"1","  1"
"1","   1821.2"
"1"," 1963.2"
"1","
- triglycerides:score_occupation "
"1","  1"
"1","   1821.2"
"1"," 1963.2"
"1","
- dde:maternal_age               "
"1","  1"
"1","   1821.2"
"1"," 1963.2"
"1","
- triglycerides:smoking_status   "
"1","  1"
"1","   1821.3"
"1"," 1963.3"
"1","
- triglycerides:cholesterol      "
"1","  1"
"1","   1821.3"
"1"," 1963.3"
"1","
- score_occupation:maternal_age  "
"1","  1"
"1","   1821.3"
"1"," 1963.3"
"1","
- pcb_sum_all:score_occupation   "
"1","  1"
"1","   1821.3"
"1"," 1963.3"
"1","
- dde:smoking_status             "
"1","  1"
"1","   1821.4"
"1"," 1963.4"
"1","
- pcb_sum_all:triglycerides      "
"1","  1"
"1","   1821.5"
"1"," 1963.5"
"1","
- cholesterol:maternal_age       "
"1","  1"
"1","   1821.5"
"1"," 1963.5"
"1","
- cholesterol:race               "
"1","  2"
"1","   1823.6"
"1"," 1963.6"
"1","
- dde:pcb_sum_all                "
"1","  1"
"1","   1821.6"
"1"," 1963.6"
"1","
- pcb_sum_all:center             "
"1"," 11"
"1","   1841.7"
"1"," 1963.7"
"1","
- race:smoking_status            "
"1","  2"
"1","   1823.8"
"1"," 1963.8"
"1","
- cholesterol:center             "
"1"," 11"
"1","   1841.9"
"1"," 1963.9"
"1","
- dde:score_occupation           "
"1","  1"
"1","   1822.2"
"1"," 1964.2"
"1","
- smoking_status:maternal_age    "
"1","  1"
"1","   1822.2"
"1"," 1964.2"
"1","
- pcb_sum_all:smoking_status     "
"1","  1"
"1","   1822.6"
"1"," 1964.6"
"1","
- race:maternal_age              "
"1","  2"
"1","   1824.7"
"1"," 1964.7"
"1","
- pcb_sum_all:cholesterol        "
"1","  1"
"1","   1822.8"
"1"," 1964.8"
"1","
- cholesterol:score_occupation   "
"1","  1"
"1","   1822.8"
"1"," 1964.8"
"1","
<none>                           "
"1","   "
"1","   1821.1"
"1"," 1965.1"
"1","
- smoking_status:score_occupation"
"1","  1"
"1","   1823.4"
"1"," 1965.4"
"1","
- triglycerides:maternal_age     "
"1","  1"
"1","   1823.9"
"1"," 1965.9"
"1","
- triglycerides:race             "
"1","  2"
"1","   1826.4"
"1"," 1966.4"
"1","
- pcb_sum_all:race               "
"1","  2"
"1","   1827.5"
"1"," 1967.5"
"1","
- pcb_sum_all:maternal_age       "
"1","  1"
"1","   1826.2"
"1"," 1968.2"
"1","
"
"1","
Step:  AIC="
"1","1963.15"
"1","
"
"1","early_delivery ~ dde + pcb_sum_all + triglycerides + cholesterol + "
"1","
    race + smoking_status + center + score_occupation + maternal_age + "
"1","
    dde:pcb_sum_all + dde:smoking_status + dde:score_occupation + "
"1","
    dde:maternal_age + pcb_sum_all:triglycerides + pcb_sum_all:cholesterol + "
"1","
    pcb_sum_all:race + pcb_sum_all:smoking_status + pcb_sum_all:center + "
"1","
    pcb_sum_all:score_occupation + pcb_sum_all:maternal_age + "
"1","
    triglycerides:cholesterol + triglycerides:race + triglycerides:smoking_status + "
"1","
    triglycerides:score_occupation + triglycerides:maternal_age + "
"1","
    cholesterol:race + cholesterol:center + cholesterol:score_occupation + "
"1","
    cholesterol:maternal_age + race:smoking_status + race:maternal_age + "
"1","
    smoking_status:score_occupation + smoking_status:maternal_age + "
"1","
    score_occupation:maternal_age"
"1","

"
"1","                                 "
"1"," Df"
"1"," Deviance"
"1","    AIC"
"1","
- triglycerides:score_occupation "
"1","  1"
"1","   1821.2"
"1"," 1961.2"
"1","
- dde:maternal_age               "
"1","  1"
"1","   1821.3"
"1"," 1961.3"
"1","
- triglycerides:smoking_status   "
"1","  1"
"1","   1821.3"
"1"," 1961.3"
"1","
- triglycerides:cholesterol      "
"1","  1"
"1","   1821.3"
"1"," 1961.3"
"1","
- score_occupation:maternal_age  "
"1","  1"
"1","   1821.3"
"1"," 1961.3"
"1","
- pcb_sum_all:score_occupation   "
"1","  1"
"1","   1821.4"
"1"," 1961.4"
"1","
- dde:smoking_status             "
"1","  1"
"1","   1821.4"
"1"," 1961.4"
"1","
- pcb_sum_all:triglycerides      "
"1","  1"
"1","   1821.5"
"1"," 1961.5"
"1","
- cholesterol:race               "
"1","  2"
"1","   1823.6"
"1"," 1961.6"
"1","
- cholesterol:maternal_age       "
"1","  1"
"1","   1821.6"
"1"," 1961.6"
"1","
- dde:pcb_sum_all                "
"1","  1"
"1","   1821.6"
"1"," 1961.6"
"1","
- pcb_sum_all:center             "
"1"," 11"
"1","   1841.8"
"1"," 1961.8"
"1","
- race:smoking_status            "
"1","  2"
"1","   1823.8"
"1"," 1961.8"
"1","
- cholesterol:center             "
"1"," 11"
"1","   1842.2"
"1"," 1962.2"
"1","
- dde:score_occupation           "
"1","  1"
"1","   1822.2"
"1"," 1962.2"
"1","
- smoking_status:maternal_age    "
"1","  1"
"1","   1822.3"
"1"," 1962.3"
"1","
- pcb_sum_all:smoking_status     "
"1","  1"
"1","   1822.7"
"1"," 1962.7"
"1","
- race:maternal_age              "
"1","  2"
"1","   1824.8"
"1"," 1962.8"
"1","
- cholesterol:score_occupation   "
"1","  1"
"1","   1822.9"
"1"," 1962.9"
"1","
<none>                           "
"1","   "
"1","   1821.2"
"1"," 1963.2"
"1","
- pcb_sum_all:cholesterol        "
"1","  1"
"1","   1823.2"
"1"," 1963.2"
"1","
- smoking_status:score_occupation"
"1","  1"
"1","   1823.4"
"1"," 1963.4"
"1","
- triglycerides:maternal_age     "
"1","  1"
"1","   1824.0"
"1"," 1964.0"
"1","
- triglycerides:race             "
"1","  2"
"1","   1826.4"
"1"," 1964.4"
"1","
- pcb_sum_all:race               "
"1","  2"
"1","   1827.6"
"1"," 1965.6"
"1","
- pcb_sum_all:maternal_age       "
"1","  1"
"1","   1826.2"
"1"," 1966.2"
"1","
"
"1","
Step:  AIC="
"1","1961.19"
"1","
"
"1","early_delivery ~ dde + pcb_sum_all + triglycerides + cholesterol + "
"1","
    race + smoking_status + center + score_occupation + maternal_age + "
"1","
    dde:pcb_sum_all + dde:smoking_status + dde:score_occupation + "
"1","
    dde:maternal_age + pcb_sum_all:triglycerides + pcb_sum_all:cholesterol + "
"1","
    pcb_sum_all:race + pcb_sum_all:smoking_status + pcb_sum_all:center + "
"1","
    pcb_sum_all:score_occupation + pcb_sum_all:maternal_age + "
"1","
    triglycerides:cholesterol + triglycerides:race + triglycerides:smoking_status + "
"1","
    triglycerides:maternal_age + cholesterol:race + cholesterol:center + "
"1","
    cholesterol:score_occupation + cholesterol:maternal_age + "
"1","
    race:smoking_status + race:maternal_age + smoking_status:score_occupation + "
"1","
    smoking_status:maternal_age + score_occupation:maternal_age"
"1","

"
"1","                                 "
"1"," Df"
"1"," Deviance"
"1","    AIC"
"1","
- dde:maternal_age               "
"1","  1"
"1","   1821.3"
"1"," 1959.3"
"1","
- triglycerides:smoking_status   "
"1","  1"
"1","   1821.3"
"1"," 1959.3"
"1","
- triglycerides:cholesterol      "
"1","  1"
"1","   1821.4"
"1"," 1959.4"
"1","
- pcb_sum_all:score_occupation   "
"1","  1"
"1","   1821.4"
"1"," 1959.4"
"1","
- score_occupation:maternal_age  "
"1","  1"
"1","   1821.5"
"1"," 1959.5"
"1","
- dde:smoking_status             "
"1","  1"
"1","   1821.5"
"1"," 1959.5"
"1","
- pcb_sum_all:triglycerides      "
"1","  1"
"1","   1821.5"
"1"," 1959.5"
"1","
- cholesterol:maternal_age       "
"1","  1"
"1","   1821.6"
"1"," 1959.6"
"1","
- cholesterol:race               "
"1","  2"
"1","   1823.6"
"1"," 1959.6"
"1","
- dde:pcb_sum_all                "
"1","  1"
"1","   1821.6"
"1"," 1959.6"
"1","
- pcb_sum_all:center             "
"1"," 11"
"1","   1841.8"
"1"," 1959.8"
"1","
- race:smoking_status            "
"1","  2"
"1","   1823.8"
"1"," 1959.8"
"1","
- cholesterol:center             "
"1"," 11"
"1","   1842.2"
"1"," 1960.2"
"1","
- dde:score_occupation           "
"1","  1"
"1","   1822.2"
"1"," 1960.2"
"1","
- smoking_status:maternal_age    "
"1","  1"
"1","   1822.3"
"1"," 1960.3"
"1","
- pcb_sum_all:smoking_status     "
"1","  1"
"1","   1822.7"
"1"," 1960.7"
"1","
- race:maternal_age              "
"1","  2"
"1","   1824.8"
"1"," 1960.8"
"1","
- cholesterol:score_occupation   "
"1","  1"
"1","   1822.9"
"1"," 1960.9"
"1","
<none>                           "
"1","   "
"1","   1821.2"
"1"," 1961.2"
"1","
- pcb_sum_all:cholesterol        "
"1","  1"
"1","   1823.2"
"1"," 1961.2"
"1","
- smoking_status:score_occupation"
"1","  1"
"1","   1823.5"
"1"," 1961.5"
"1","
- triglycerides:maternal_age     "
"1","  1"
"1","   1824.0"
"1"," 1962.0"
"1","
- triglycerides:race             "
"1","  2"
"1","   1826.4"
"1"," 1962.4"
"1","
- pcb_sum_all:race               "
"1","  2"
"1","   1827.6"
"1"," 1963.6"
"1","
- pcb_sum_all:maternal_age       "
"1","  1"
"1","   1826.2"
"1"," 1964.2"
"1","
"
"1","
Step:  AIC="
"1","1959.32"
"1","
"
"1","early_delivery ~ dde + pcb_sum_all + triglycerides + cholesterol + "
"1","
    race + smoking_status + center + score_occupation + maternal_age + "
"1","
    dde:pcb_sum_all + dde:smoking_status + dde:score_occupation + "
"1","
    pcb_sum_all:triglycerides + pcb_sum_all:cholesterol + pcb_sum_all:race + "
"1","
    pcb_sum_all:smoking_status + pcb_sum_all:center + pcb_sum_all:score_occupation + "
"1","
    pcb_sum_all:maternal_age + triglycerides:cholesterol + triglycerides:race + "
"1","
    triglycerides:smoking_status + triglycerides:maternal_age + "
"1","
    cholesterol:race + cholesterol:center + cholesterol:score_occupation + "
"1","
    cholesterol:maternal_age + race:smoking_status + race:maternal_age + "
"1","
    smoking_status:score_occupation + smoking_status:maternal_age + "
"1","
    score_occupation:maternal_age"
"1","

"
"1","                                 "
"1"," Df"
"1"," Deviance"
"1","    AIC"
"1","
- triglycerides:smoking_status   "
"1","  1"
"1","   1821.5"
"1"," 1957.5"
"1","
- triglycerides:cholesterol      "
"1","  1"
"1","   1821.5"
"1"," 1957.5"
"1","
- pcb_sum_all:score_occupation   "
"1","  1"
"1","   1821.6"
"1"," 1957.6"
"1","
- score_occupation:maternal_age  "
"1","  1"
"1","   1821.6"
"1"," 1957.6"
"1","
- dde:smoking_status             "
"1","  1"
"1","   1821.6"
"1"," 1957.6"
"1","
- cholesterol:maternal_age       "
"1","  1"
"1","   1821.7"
"1"," 1957.7"
"1","
- pcb_sum_all:triglycerides      "
"1","  1"
"1","   1821.7"
"1"," 1957.7"
"1","
- dde:pcb_sum_all                "
"1","  1"
"1","   1821.7"
"1"," 1957.7"
"1","
- cholesterol:race               "
"1","  2"
"1","   1823.7"
"1"," 1957.7"
"1","
- pcb_sum_all:center             "
"1"," 11"
"1","   1841.8"
"1"," 1957.8"
"1","
- race:smoking_status            "
"1","  2"
"1","   1823.9"
"1"," 1957.9"
"1","
- dde:score_occupation           "
"1","  1"
"1","   1822.3"
"1"," 1958.3"
"1","
- smoking_status:maternal_age    "
"1","  1"
"1","   1822.4"
"1"," 1958.4"
"1","
- cholesterol:center             "
"1"," 11"
"1","   1842.4"
"1"," 1958.4"
"1","
- pcb_sum_all:smoking_status     "
"1","  1"
"1","   1822.8"
"1"," 1958.8"
"1","
- race:maternal_age              "
"1","  2"
"1","   1824.8"
"1"," 1958.8"
"1","
- cholesterol:score_occupation   "
"1","  1"
"1","   1823.0"
"1"," 1959.0"
"1","
<none>                           "
"1","   "
"1","   1821.3"
"1"," 1959.3"
"1","
- pcb_sum_all:cholesterol        "
"1","  1"
"1","   1823.3"
"1"," 1959.3"
"1","
- smoking_status:score_occupation"
"1","  1"
"1","   1823.7"
"1"," 1959.7"
"1","
- triglycerides:maternal_age     "
"1","  1"
"1","   1824.2"
"1"," 1960.2"
"1","
- triglycerides:race             "
"1","  2"
"1","   1826.5"
"1"," 1960.5"
"1","
- pcb_sum_all:race               "
"1","  2"
"1","   1827.7"
"1"," 1961.7"
"1","
- pcb_sum_all:maternal_age       "
"1","  1"
"1","   1827.0"
"1"," 1963.0"
"1","
"
"1","
Step:  AIC="
"1","1957.47"
"1","
"
"1","early_delivery ~ dde + pcb_sum_all + triglycerides + cholesterol + "
"1","
    race + smoking_status + center + score_occupation + maternal_age + "
"1","
    dde:pcb_sum_all + dde:smoking_status + dde:score_occupation + "
"1","
    pcb_sum_all:triglycerides + pcb_sum_all:cholesterol + pcb_sum_all:race + "
"1","
    pcb_sum_all:smoking_status + pcb_sum_all:center + pcb_sum_all:score_occupation + "
"1","
    pcb_sum_all:maternal_age + triglycerides:cholesterol + triglycerides:race + "
"1","
    triglycerides:maternal_age + cholesterol:race + cholesterol:center + "
"1","
    cholesterol:score_occupation + cholesterol:maternal_age + "
"1","
    race:smoking_status + race:maternal_age + smoking_status:score_occupation + "
"1","
    smoking_status:maternal_age + score_occupation:maternal_age"
"1","

"
"1","                                 "
"1"," Df"
"1"," Deviance"
"1","    AIC"
"1","
- triglycerides:cholesterol      "
"1","  1"
"1","   1821.6"
"1"," 1955.6"
"1","
- pcb_sum_all:score_occupation   "
"1","  1"
"1","   1821.7"
"1"," 1955.7"
"1","
- dde:smoking_status             "
"1","  1"
"1","   1821.7"
"1"," 1955.7"
"1","
- score_occupation:maternal_age  "
"1","  1"
"1","   1821.7"
"1"," 1955.7"
"1","
- cholesterol:maternal_age       "
"1","  1"
"1","   1821.8"
"1"," 1955.8"
"1","
- dde:pcb_sum_all                "
"1","  1"
"1","   1821.8"
"1"," 1955.8"
"1","
- cholesterol:race               "
"1","  2"
"1","   1823.8"
"1"," 1955.8"
"1","
- pcb_sum_all:triglycerides      "
"1","  1"
"1","   1821.9"
"1"," 1955.9"
"1","
- race:smoking_status            "
"1","  2"
"1","   1823.9"
"1"," 1955.9"
"1","
- pcb_sum_all:center             "
"1"," 11"
"1","   1842.1"
"1"," 1956.1"
"1","
- dde:score_occupation           "
"1","  1"
"1","   1822.5"
"1"," 1956.5"
"1","
- smoking_status:maternal_age    "
"1","  1"
"1","   1822.7"
"1"," 1956.7"
"1","
- cholesterol:center             "
"1"," 11"
"1","   1842.8"
"1"," 1956.8"
"1","
- pcb_sum_all:smoking_status     "
"1","  1"
"1","   1822.9"
"1"," 1956.9"
"1","
- race:maternal_age              "
"1","  2"
"1","   1824.9"
"1"," 1956.9"
"1","
- cholesterol:score_occupation   "
"1","  1"
"1","   1823.2"
"1"," 1957.2"
"1","
<none>                           "
"1","   "
"1","   1821.5"
"1"," 1957.5"
"1","
- pcb_sum_all:cholesterol        "
"1","  1"
"1","   1823.5"
"1"," 1957.5"
"1","
- smoking_status:score_occupation"
"1","  1"
"1","   1823.8"
"1"," 1957.8"
"1","
- triglycerides:race             "
"1","  2"
"1","   1826.7"
"1"," 1958.7"
"1","
- triglycerides:maternal_age     "
"1","  1"
"1","   1825.0"
"1"," 1959.0"
"1","
- pcb_sum_all:race               "
"1","  2"
"1","   1827.9"
"1"," 1959.9"
"1","
- pcb_sum_all:maternal_age       "
"1","  1"
"1","   1827.1"
"1"," 1961.1"
"1","
"
"1","
Step:  AIC="
"1","1955.64"
"1","
"
"1","early_delivery ~ dde + pcb_sum_all + triglycerides + cholesterol + "
"1","
    race + smoking_status + center + score_occupation + maternal_age + "
"1","
    dde:pcb_sum_all + dde:smoking_status + dde:score_occupation + "
"1","
    pcb_sum_all:triglycerides + pcb_sum_all:cholesterol + pcb_sum_all:race + "
"1","
    pcb_sum_all:smoking_status + pcb_sum_all:center + pcb_sum_all:score_occupation + "
"1","
    pcb_sum_all:maternal_age + triglycerides:race + triglycerides:maternal_age + "
"1","
    cholesterol:race + cholesterol:center + cholesterol:score_occupation + "
"1","
    cholesterol:maternal_age + race:smoking_status + race:maternal_age + "
"1","
    smoking_status:score_occupation + smoking_status:maternal_age + "
"1","
    score_occupation:maternal_age"
"1","

"
"1","                                 "
"1"," Df"
"1"," Deviance"
"1","    AIC"
"1","
- score_occupation:maternal_age  "
"1","  1"
"1","   1821.9"
"1"," 1953.9"
"1","
- dde:smoking_status             "
"1","  1"
"1","   1821.9"
"1"," 1953.9"
"1","
- pcb_sum_all:score_occupation   "
"1","  1"
"1","   1821.9"
"1"," 1953.9"
"1","
- cholesterol:race               "
"1","  2"
"1","   1823.9"
"1"," 1953.9"
"1","
- dde:pcb_sum_all                "
"1","  1"
"1","   1822.0"
"1"," 1954.0"
"1","
- cholesterol:maternal_age       "
"1","  1"
"1","   1822.0"
"1"," 1954.0"
"1","
- race:smoking_status            "
"1","  2"
"1","   1824.1"
"1"," 1954.1"
"1","
- pcb_sum_all:center             "
"1"," 11"
"1","   1842.1"
"1"," 1954.1"
"1","
- pcb_sum_all:triglycerides      "
"1","  1"
"1","   1822.2"
"1"," 1954.2"
"1","
- dde:score_occupation           "
"1","  1"
"1","   1822.6"
"1"," 1954.6"
"1","
- smoking_status:maternal_age    "
"1","  1"
"1","   1822.8"
"1"," 1954.8"
"1","
- cholesterol:center             "
"1"," 11"
"1","   1842.9"
"1"," 1954.9"
"1","
- pcb_sum_all:smoking_status     "
"1","  1"
"1","   1823.0"
"1"," 1955.0"
"1","
- race:maternal_age              "
"1","  2"
"1","   1825.1"
"1"," 1955.1"
"1","
- cholesterol:score_occupation   "
"1","  1"
"1","   1823.2"
"1"," 1955.2"
"1","
- pcb_sum_all:cholesterol        "
"1","  1"
"1","   1823.5"
"1"," 1955.5"
"1","
<none>                           "
"1","   "
"1","   1821.6"
"1"," 1955.6"
"1","
- smoking_status:score_occupation"
"1","  1"
"1","   1824.0"
"1"," 1956.0"
"1","
- triglycerides:race             "
"1","  2"
"1","   1827.1"
"1"," 1957.1"
"1","
- triglycerides:maternal_age     "
"1","  1"
"1","   1825.4"
"1"," 1957.4"
"1","
- pcb_sum_all:race               "
"1","  2"
"1","   1828.0"
"1"," 1958.0"
"1","
- pcb_sum_all:maternal_age       "
"1","  1"
"1","   1827.5"
"1"," 1959.5"
"1","
"
"1","
Step:  AIC="
"1","1953.88"
"1","
"
"1","early_delivery ~ dde + pcb_sum_all + triglycerides + cholesterol + "
"1","
    race + smoking_status + center + score_occupation + maternal_age + "
"1","
    dde:pcb_sum_all + dde:smoking_status + dde:score_occupation + "
"1","
    pcb_sum_all:triglycerides + pcb_sum_all:cholesterol + pcb_sum_all:race + "
"1","
    pcb_sum_all:smoking_status + pcb_sum_all:center + pcb_sum_all:score_occupation + "
"1","
    pcb_sum_all:maternal_age + triglycerides:race + triglycerides:maternal_age + "
"1","
    cholesterol:race + cholesterol:center + cholesterol:score_occupation + "
"1","
    cholesterol:maternal_age + race:smoking_status + race:maternal_age + "
"1","
    smoking_status:score_occupation + smoking_status:maternal_age"
"1","

"
"1","                                 "
"1"," Df"
"1"," Deviance"
"1","    AIC"
"1","
- dde:smoking_status             "
"1","  1"
"1","   1822.1"
"1"," 1952.1"
"1","
- cholesterol:race               "
"1","  2"
"1","   1824.2"
"1"," 1952.2"
"1","
- dde:pcb_sum_all                "
"1","  1"
"1","   1822.2"
"1"," 1952.2"
"1","
- cholesterol:maternal_age       "
"1","  1"
"1","   1822.2"
"1"," 1952.2"
"1","
- pcb_sum_all:score_occupation   "
"1","  1"
"1","   1822.3"
"1"," 1952.3"
"1","
- race:smoking_status            "
"1","  2"
"1","   1824.3"
"1"," 1952.3"
"1","
- pcb_sum_all:triglycerides      "
"1","  1"
"1","   1822.3"
"1"," 1952.3"
"1","
- pcb_sum_all:center             "
"1"," 11"
"1","   1842.4"
"1"," 1952.4"
"1","
- dde:score_occupation           "
"1","  1"
"1","   1822.8"
"1"," 1952.8"
"1","
- smoking_status:maternal_age    "
"1","  1"
"1","   1823.0"
"1"," 1953.0"
"1","
- pcb_sum_all:smoking_status     "
"1","  1"
"1","   1823.1"
"1"," 1953.1"
"1","
- cholesterol:center             "
"1"," 11"
"1","   1843.2"
"1"," 1953.2"
"1","
- cholesterol:score_occupation   "
"1","  1"
"1","   1823.5"
"1"," 1953.5"
"1","
- race:maternal_age              "
"1","  2"
"1","   1825.6"
"1"," 1953.6"
"1","
- pcb_sum_all:cholesterol        "
"1","  1"
"1","   1823.7"
"1"," 1953.7"
"1","
<none>                           "
"1","   "
"1","   1821.9"
"1"," 1953.9"
"1","
- smoking_status:score_occupation"
"1","  1"
"1","   1824.2"
"1"," 1954.2"
"1","
- triglycerides:race             "
"1","  2"
"1","   1827.4"
"1"," 1955.4"
"1","
- triglycerides:maternal_age     "
"1","  1"
"1","   1825.5"
"1"," 1955.5"
"1","
- pcb_sum_all:race               "
"1","  2"
"1","   1828.3"
"1"," 1956.3"
"1","
- pcb_sum_all:maternal_age       "
"1","  1"
"1","   1828.4"
"1"," 1958.4"
"1","
"
"1","
Step:  AIC="
"1","1952.13"
"1","
"
"1","early_delivery ~ dde + pcb_sum_all + triglycerides + cholesterol + "
"1","
    race + smoking_status + center + score_occupation + maternal_age + "
"1","
    dde:pcb_sum_all + dde:score_occupation + pcb_sum_all:triglycerides + "
"1","
    pcb_sum_all:cholesterol + pcb_sum_all:race + pcb_sum_all:smoking_status + "
"1","
    pcb_sum_all:center + pcb_sum_all:score_occupation + pcb_sum_all:maternal_age + "
"1","
    triglycerides:race + triglycerides:maternal_age + cholesterol:race + "
"1","
    cholesterol:center + cholesterol:score_occupation + cholesterol:maternal_age + "
"1","
    race:smoking_status + race:maternal_age + smoking_status:score_occupation + "
"1","
    smoking_status:maternal_age"
"1","

"
"1","                                 "
"1"," Df"
"1"," Deviance"
"1","    AIC"
"1","
- race:smoking_status            "
"1","  2"
"1","   1824.3"
"1"," 1950.3"
"1","
- dde:pcb_sum_all                "
"1","  1"
"1","   1822.4"
"1"," 1950.4"
"1","
- cholesterol:race               "
"1","  2"
"1","   1824.4"
"1"," 1950.4"
"1","
- pcb_sum_all:score_occupation   "
"1","  1"
"1","   1822.5"
"1"," 1950.5"
"1","
- cholesterol:maternal_age       "
"1","  1"
"1","   1822.5"
"1"," 1950.5"
"1","
- pcb_sum_all:triglycerides      "
"1","  1"
"1","   1822.6"
"1"," 1950.6"
"1","
- pcb_sum_all:center             "
"1"," 11"
"1","   1842.7"
"1"," 1950.7"
"1","
- dde:score_occupation           "
"1","  1"
"1","   1823.2"
"1"," 1951.2"
"1","
- smoking_status:maternal_age    "
"1","  1"
"1","   1823.2"
"1"," 1951.2"
"1","
- cholesterol:center             "
"1"," 11"
"1","   1843.5"
"1"," 1951.5"
"1","
- cholesterol:score_occupation   "
"1","  1"
"1","   1823.8"
"1"," 1951.8"
"1","
- pcb_sum_all:smoking_status     "
"1","  1"
"1","   1823.8"
"1"," 1951.8"
"1","
- pcb_sum_all:cholesterol        "
"1","  1"
"1","   1823.9"
"1"," 1951.9"
"1","
- race:maternal_age              "
"1","  2"
"1","   1825.9"
"1"," 1951.9"
"1","
<none>                           "
"1","   "
"1","   1822.1"
"1"," 1952.1"
"1","
- smoking_status:score_occupation"
"1","  1"
"1","   1824.5"
"1"," 1952.5"
"1","
- triglycerides:race             "
"1","  2"
"1","   1827.7"
"1"," 1953.7"
"1","
- triglycerides:maternal_age     "
"1","  1"
"1","   1825.8"
"1"," 1953.8"
"1","
- pcb_sum_all:race               "
"1","  2"
"1","   1828.6"
"1"," 1954.6"
"1","
- pcb_sum_all:maternal_age       "
"1","  1"
"1","   1828.6"
"1"," 1956.6"
"1","
"
"1","
Step:  AIC="
"1","1950.35"
"1","
"
"1","early_delivery ~ dde + pcb_sum_all + triglycerides + cholesterol + "
"1","
    race + smoking_status + center + score_occupation + maternal_age + "
"1","
    dde:pcb_sum_all + dde:score_occupation + pcb_sum_all:triglycerides + "
"1","
    pcb_sum_all:cholesterol + pcb_sum_all:race + pcb_sum_all:smoking_status + "
"1","
    pcb_sum_all:center + pcb_sum_all:score_occupation + pcb_sum_all:maternal_age + "
"1","
    triglycerides:race + triglycerides:maternal_age + cholesterol:race + "
"1","
    cholesterol:center + cholesterol:score_occupation + cholesterol:maternal_age + "
"1","
    race:maternal_age + smoking_status:score_occupation + smoking_status:maternal_age"
"1","

"
"1","                                 "
"1"," Df"
"1"," Deviance"
"1","    AIC"
"1","
- pcb_sum_all:center             "
"1"," 11"
"1","   1844.3"
"1"," 1948.3"
"1","
- cholesterol:race               "
"1","  2"
"1","   1826.5"
"1"," 1948.5"
"1","
- dde:pcb_sum_all                "
"1","  1"
"1","   1824.6"
"1"," 1948.6"
"1","
- pcb_sum_all:score_occupation   "
"1","  1"
"1","   1824.6"
"1"," 1948.6"
"1","
- cholesterol:maternal_age       "
"1","  1"
"1","   1824.7"
"1"," 1948.7"
"1","
- pcb_sum_all:triglycerides      "
"1","  1"
"1","   1824.9"
"1"," 1948.9"
"1","
- smoking_status:maternal_age    "
"1","  1"
"1","   1825.0"
"1"," 1949.0"
"1","
- cholesterol:center             "
"1"," 11"
"1","   1845.5"
"1"," 1949.5"
"1","
- dde:score_occupation           "
"1","  1"
"1","   1825.5"
"1"," 1949.5"
"1","
- race:maternal_age              "
"1","  2"
"1","   1827.5"
"1"," 1949.5"
"1","
- pcb_sum_all:smoking_status     "
"1","  1"
"1","   1825.7"
"1"," 1949.7"
"1","
- pcb_sum_all:cholesterol        "
"1","  1"
"1","   1826.0"
"1"," 1950.0"
"1","
- cholesterol:score_occupation   "
"1","  1"
"1","   1826.1"
"1"," 1950.1"
"1","
<none>                           "
"1","   "
"1","   1824.3"
"1"," 1950.3"
"1","
- triglycerides:race             "
"1","  2"
"1","   1829.8"
"1"," 1951.8"
"1","
- triglycerides:maternal_age     "
"1","  1"
"1","   1827.9"
"1"," 1951.9"
"1","
- smoking_status:score_occupation"
"1","  1"
"1","   1828.5"
"1"," 1952.5"
"1","
- pcb_sum_all:race               "
"1","  2"
"1","   1830.7"
"1"," 1952.7"
"1","
- pcb_sum_all:maternal_age       "
"1","  1"
"1","   1830.6"
"1"," 1954.6"
"1","
"
"1","
Step:  AIC="
"1","1948.35"
"1","
"
"1","early_delivery ~ dde + pcb_sum_all + triglycerides + cholesterol + "
"1","
    race + smoking_status + center + score_occupation + maternal_age + "
"1","
    dde:pcb_sum_all + dde:score_occupation + pcb_sum_all:triglycerides + "
"1","
    pcb_sum_all:cholesterol + pcb_sum_all:race + pcb_sum_all:smoking_status + "
"1","
    pcb_sum_all:score_occupation + pcb_sum_all:maternal_age + "
"1","
    triglycerides:race + triglycerides:maternal_age + cholesterol:race + "
"1","
    cholesterol:center + cholesterol:score_occupation + cholesterol:maternal_age + "
"1","
    race:maternal_age + smoking_status:score_occupation + smoking_status:maternal_age"
"1","

"
"1","                                 "
"1"," Df"
"1"," Deviance"
"1","    AIC"
"1","
- cholesterol:center             "
"1"," 11"
"1","   1863.9"
"1"," 1945.9"
"1","
- cholesterol:maternal_age       "
"1","  1"
"1","   1844.4"
"1"," 1946.4"
"1","
- pcb_sum_all:score_occupation   "
"1","  1"
"1","   1844.5"
"1"," 1946.5"
"1","
- dde:pcb_sum_all                "
"1","  1"
"1","   1844.5"
"1"," 1946.5"
"1","
- pcb_sum_all:cholesterol        "
"1","  1"
"1","   1844.5"
"1"," 1946.5"
"1","
- pcb_sum_all:triglycerides      "
"1","  1"
"1","   1844.6"
"1"," 1946.6"
"1","
- smoking_status:maternal_age    "
"1","  1"
"1","   1844.8"
"1"," 1946.8"
"1","
- pcb_sum_all:smoking_status     "
"1","  1"
"1","   1845.1"
"1"," 1947.1"
"1","
- cholesterol:race               "
"1","  2"
"1","   1847.1"
"1"," 1947.1"
"1","
- dde:score_occupation           "
"1","  1"
"1","   1845.3"
"1"," 1947.3"
"1","
- race:maternal_age              "
"1","  2"
"1","   1847.4"
"1"," 1947.4"
"1","
- cholesterol:score_occupation   "
"1","  1"
"1","   1845.8"
"1"," 1947.8"
"1","
- pcb_sum_all:race               "
"1","  2"
"1","   1848.3"
"1"," 1948.3"
"1","
<none>                           "
"1","   "
"1","   1844.3"
"1"," 1948.3"
"1","
- triglycerides:race             "
"1","  2"
"1","   1848.8"
"1"," 1948.8"
"1","
- triglycerides:maternal_age     "
"1","  1"
"1","   1847.8"
"1"," 1949.8"
"1","
- smoking_status:score_occupation"
"1","  1"
"1","   1848.2"
"1"," 1950.2"
"1","
- pcb_sum_all:maternal_age       "
"1","  1"
"1","   1849.6"
"1"," 1951.6"
"1","
"
"1","
Step:  AIC="
"1","1945.93"
"1","
"
"1","early_delivery ~ dde + pcb_sum_all + triglycerides + cholesterol + "
"1","
    race + smoking_status + center + score_occupation + maternal_age + "
"1","
    dde:pcb_sum_all + dde:score_occupation + pcb_sum_all:triglycerides + "
"1","
    pcb_sum_all:cholesterol + pcb_sum_all:race + pcb_sum_all:smoking_status + "
"1","
    pcb_sum_all:score_occupation + pcb_sum_all:maternal_age + "
"1","
    triglycerides:race + triglycerides:maternal_age + cholesterol:race + "
"1","
    cholesterol:score_occupation + cholesterol:maternal_age + "
"1","
    race:maternal_age + smoking_status:score_occupation + smoking_status:maternal_age"
"1","

"
"1","                                 "
"1"," Df"
"1"," Deviance"
"1","    AIC"
"1","
- cholesterol:race               "
"1","  2"
"1","   1864.7"
"1"," 1942.7"
"1","
- pcb_sum_all:score_occupation   "
"1","  1"
"1","   1864.0"
"1"," 1944.0"
"1","
- pcb_sum_all:triglycerides      "
"1","  1"
"1","   1864.3"
"1"," 1944.3"
"1","
- dde:pcb_sum_all                "
"1","  1"
"1","   1864.5"
"1"," 1944.5"
"1","
- smoking_status:maternal_age    "
"1","  1"
"1","   1864.5"
"1"," 1944.5"
"1","
- cholesterol:maternal_age       "
"1","  1"
"1","   1864.5"
"1"," 1944.5"
"1","
- dde:score_occupation           "
"1","  1"
"1","   1865.0"
"1"," 1945.0"
"1","
- pcb_sum_all:smoking_status     "
"1","  1"
"1","   1865.0"
"1"," 1945.0"
"1","
- race:maternal_age              "
"1","  2"
"1","   1867.2"
"1"," 1945.2"
"1","
- cholesterol:score_occupation   "
"1","  1"
"1","   1865.7"
"1"," 1945.7"
"1","
<none>                           "
"1","   "
"1","   1863.9"
"1"," 1945.9"
"1","
- triglycerides:race             "
"1","  2"
"1","   1868.5"
"1"," 1946.5"
"1","
- pcb_sum_all:race               "
"1","  2"
"1","   1869.0"
"1"," 1947.0"
"1","
- pcb_sum_all:cholesterol        "
"1","  1"
"1","   1867.0"
"1"," 1947.0"
"1","
- smoking_status:score_occupation"
"1","  1"
"1","   1867.7"
"1"," 1947.7"
"1","
- triglycerides:maternal_age     "
"1","  1"
"1","   1867.8"
"1"," 1947.8"
"1","
- pcb_sum_all:maternal_age       "
"1","  1"
"1","   1869.0"
"1"," 1949.0"
"1","
- center                         "
"1"," 11"
"1","   1896.3"
"1"," 1956.3"
"1","
"
"1","
Step:  AIC="
"1","1942.72"
"1","
"
"1","early_delivery ~ dde + pcb_sum_all + triglycerides + cholesterol + "
"1","
    race + smoking_status + center + score_occupation + maternal_age + "
"1","
    dde:pcb_sum_all + dde:score_occupation + pcb_sum_all:triglycerides + "
"1","
    pcb_sum_all:cholesterol + pcb_sum_all:race + pcb_sum_all:smoking_status + "
"1","
    pcb_sum_all:score_occupation + pcb_sum_all:maternal_age + "
"1","
    triglycerides:race + triglycerides:maternal_age + cholesterol:score_occupation + "
"1","
    cholesterol:maternal_age + race:maternal_age + smoking_status:score_occupation + "
"1","
    smoking_status:maternal_age"
"1","

"
"1","                                 "
"1"," Df"
"1"," Deviance"
"1","    AIC"
"1","
- pcb_sum_all:score_occupation   "
"1","  1"
"1","   1864.8"
"1"," 1940.8"
"1","
- pcb_sum_all:triglycerides      "
"1","  1"
"1","   1865.1"
"1"," 1941.1"
"1","
- dde:pcb_sum_all                "
"1","  1"
"1","   1865.2"
"1"," 1941.2"
"1","
- smoking_status:maternal_age    "
"1","  1"
"1","   1865.2"
"1"," 1941.2"
"1","
- cholesterol:maternal_age       "
"1","  1"
"1","   1865.4"
"1"," 1941.4"
"1","
- pcb_sum_all:smoking_status     "
"1","  1"
"1","   1865.8"
"1"," 1941.8"
"1","
- dde:score_occupation           "
"1","  1"
"1","   1865.8"
"1"," 1941.8"
"1","
- race:maternal_age              "
"1","  2"
"1","   1868.2"
"1"," 1942.2"
"1","
- triglycerides:race             "
"1","  2"
"1","   1868.7"
"1"," 1942.7"
"1","
<none>                           "
"1","   "
"1","   1864.7"
"1"," 1942.7"
"1","
- cholesterol:score_occupation   "
"1","  1"
"1","   1866.8"
"1"," 1942.8"
"1","
- pcb_sum_all:cholesterol        "
"1","  1"
"1","   1867.8"
"1"," 1943.8"
"1","
- smoking_status:score_occupation"
"1","  1"
"1","   1868.5"
"1"," 1944.5"
"1","
- triglycerides:maternal_age     "
"1","  1"
"1","   1868.7"
"1"," 1944.7"
"1","
- pcb_sum_all:race               "
"1","  2"
"1","   1871.5"
"1"," 1945.5"
"1","
- pcb_sum_all:maternal_age       "
"1","  1"
"1","   1869.9"
"1"," 1945.9"
"1","
- center                         "
"1"," 11"
"1","   1897.3"
"1"," 1953.3"
"1","
"
"1","
Step:  AIC="
"1","1940.79"
"1","
"
"1","early_delivery ~ dde + pcb_sum_all + triglycerides + cholesterol + "
"1","
    race + smoking_status + center + score_occupation + maternal_age + "
"1","
    dde:pcb_sum_all + dde:score_occupation + pcb_sum_all:triglycerides + "
"1","
    pcb_sum_all:cholesterol + pcb_sum_all:race + pcb_sum_all:smoking_status + "
"1","
    pcb_sum_all:maternal_age + triglycerides:race + triglycerides:maternal_age + "
"1","
    cholesterol:score_occupation + cholesterol:maternal_age + "
"1","
    race:maternal_age + smoking_status:score_occupation + smoking_status:maternal_age"
"1","

"
"1","                                 "
"1"," Df"
"1"," Deviance"
"1","    AIC"
"1","
- pcb_sum_all:triglycerides      "
"1","  1"
"1","   1865.1"
"1"," 1939.1"
"1","
- dde:pcb_sum_all                "
"1","  1"
"1","   1865.3"
"1"," 1939.3"
"1","
- smoking_status:maternal_age    "
"1","  1"
"1","   1865.3"
"1"," 1939.3"
"1","
- cholesterol:maternal_age       "
"1","  1"
"1","   1865.5"
"1"," 1939.5"
"1","
- pcb_sum_all:smoking_status     "
"1","  1"
"1","   1866.0"
"1"," 1940.0"
"1","
- dde:score_occupation           "
"1","  1"
"1","   1866.2"
"1"," 1940.2"
"1","
- race:maternal_age              "
"1","  2"
"1","   1868.3"
"1"," 1940.3"
"1","
- triglycerides:race             "
"1","  2"
"1","   1868.8"
"1"," 1940.8"
"1","
<none>                           "
"1","   "
"1","   1864.8"
"1"," 1940.8"
"1","
- cholesterol:score_occupation   "
"1","  1"
"1","   1866.8"
"1"," 1940.8"
"1","
- pcb_sum_all:cholesterol        "
"1","  1"
"1","   1867.8"
"1"," 1941.8"
"1","
- smoking_status:score_occupation"
"1","  1"
"1","   1868.6"
"1"," 1942.6"
"1","
- triglycerides:maternal_age     "
"1","  1"
"1","   1868.8"
"1"," 1942.8"
"1","
- pcb_sum_all:race               "
"1","  2"
"1","   1871.5"
"1"," 1943.5"
"1","
- pcb_sum_all:maternal_age       "
"1","  1"
"1","   1870.0"
"1"," 1944.0"
"1","
- center                         "
"1"," 11"
"1","   1897.5"
"1"," 1951.5"
"1","
"
"1","
Step:  AIC="
"1","1939.13"
"1","
"
"1","early_delivery ~ dde + pcb_sum_all + triglycerides + cholesterol + "
"1","
    race + smoking_status + center + score_occupation + maternal_age + "
"1","
    dde:pcb_sum_all + dde:score_occupation + pcb_sum_all:cholesterol + "
"1","
    pcb_sum_all:race + pcb_sum_all:smoking_status + pcb_sum_all:maternal_age + "
"1","
    triglycerides:race + triglycerides:maternal_age + cholesterol:score_occupation + "
"1","
    cholesterol:maternal_age + race:maternal_age + smoking_status:score_occupation + "
"1","
    smoking_status:maternal_age"
"1","

"
"1","                                 "
"1"," Df"
"1"," Deviance"
"1","    AIC"
"1","
- smoking_status:maternal_age    "
"1","  1"
"1","   1865.7"
"1"," 1937.7"
"1","
- dde:pcb_sum_all                "
"1","  1"
"1","   1865.7"
"1"," 1937.7"
"1","
- cholesterol:maternal_age       "
"1","  1"
"1","   1865.7"
"1"," 1937.7"
"1","
- pcb_sum_all:smoking_status     "
"1","  1"
"1","   1866.2"
"1"," 1938.2"
"1","
- dde:score_occupation           "
"1","  1"
"1","   1866.6"
"1"," 1938.6"
"1","
- race:maternal_age              "
"1","  2"
"1","   1868.7"
"1"," 1938.7"
"1","
- triglycerides:race             "
"1","  2"
"1","   1868.9"
"1"," 1938.9"
"1","
- cholesterol:score_occupation   "
"1","  1"
"1","   1867.1"
"1"," 1939.1"
"1","
<none>                           "
"1","   "
"1","   1865.1"
"1"," 1939.1"
"1","
- pcb_sum_all:cholesterol        "
"1","  1"
"1","   1867.8"
"1"," 1939.8"
"1","
- triglycerides:maternal_age     "
"1","  1"
"1","   1868.9"
"1"," 1940.9"
"1","
- smoking_status:score_occupation"
"1","  1"
"1","   1869.0"
"1"," 1941.0"
"1","
- pcb_sum_all:maternal_age       "
"1","  1"
"1","   1870.0"
"1"," 1942.0"
"1","
- pcb_sum_all:race               "
"1","  2"
"1","   1872.2"
"1"," 1942.2"
"1","
- center                         "
"1"," 11"
"1","   1898.0"
"1"," 1950.0"
"1","
"
"1","
Step:  AIC="
"1","1937.68"
"1","
"
"1","early_delivery ~ dde + pcb_sum_all + triglycerides + cholesterol + "
"1","
    race + smoking_status + center + score_occupation + maternal_age + "
"1","
    dde:pcb_sum_all + dde:score_occupation + pcb_sum_all:cholesterol + "
"1","
    pcb_sum_all:race + pcb_sum_all:smoking_status + pcb_sum_all:maternal_age + "
"1","
    triglycerides:race + triglycerides:maternal_age + cholesterol:score_occupation + "
"1","
    cholesterol:maternal_age + race:maternal_age + smoking_status:score_occupation"
"1","

"
"1","                                 "
"1"," Df"
"1"," Deviance"
"1","    AIC"
"1","
- cholesterol:maternal_age       "
"1","  1"
"1","   1866.2"
"1"," 1936.2"
"1","
- dde:pcb_sum_all                "
"1","  1"
"1","   1866.2"
"1"," 1936.2"
"1","
- pcb_sum_all:smoking_status     "
"1","  1"
"1","   1866.4"
"1"," 1936.4"
"1","
- race:maternal_age              "
"1","  2"
"1","   1869.1"
"1"," 1937.1"
"1","
- dde:score_occupation           "
"1","  1"
"1","   1867.2"
"1"," 1937.2"
"1","
- triglycerides:race             "
"1","  2"
"1","   1869.6"
"1"," 1937.6"
"1","
- cholesterol:score_occupation   "
"1","  1"
"1","   1867.6"
"1"," 1937.6"
"1","
<none>                           "
"1","   "
"1","   1865.7"
"1"," 1937.7"
"1","
- pcb_sum_all:cholesterol        "
"1","  1"
"1","   1868.4"
"1"," 1938.4"
"1","
- triglycerides:maternal_age     "
"1","  1"
"1","   1869.3"
"1"," 1939.3"
"1","
- smoking_status:score_occupation"
"1","  1"
"1","   1869.7"
"1"," 1939.7"
"1","
- pcb_sum_all:maternal_age       "
"1","  1"
"1","   1870.5"
"1"," 1940.5"
"1","
- pcb_sum_all:race               "
"1","  2"
"1","   1872.7"
"1"," 1940.7"
"1","
- center                         "
"1"," 11"
"1","   1898.3"
"1"," 1948.3"
"1","
"
"1","
Step:  AIC="
"1","1936.18"
"1","
"
"1","early_delivery ~ dde + pcb_sum_all + triglycerides + cholesterol + "
"1","
    race + smoking_status + center + score_occupation + maternal_age + "
"1","
    dde:pcb_sum_all + dde:score_occupation + pcb_sum_all:cholesterol + "
"1","
    pcb_sum_all:race + pcb_sum_all:smoking_status + pcb_sum_all:maternal_age + "
"1","
    triglycerides:race + triglycerides:maternal_age + cholesterol:score_occupation + "
"1","
    race:maternal_age + smoking_status:score_occupation"
"1","

"
"1","                                 "
"1"," Df"
"1"," Deviance"
"1","    AIC"
"1","
- dde:pcb_sum_all                "
"1","  1"
"1","   1866.7"
"1"," 1934.7"
"1","
- pcb_sum_all:smoking_status     "
"1","  1"
"1","   1867.0"
"1"," 1935.0"
"1","
- race:maternal_age              "
"1","  2"
"1","   1869.6"
"1"," 1935.6"
"1","
- dde:score_occupation           "
"1","  1"
"1","   1867.7"
"1"," 1935.7"
"1","
- triglycerides:race             "
"1","  2"
"1","   1870.0"
"1"," 1936.0"
"1","
- cholesterol:score_occupation   "
"1","  1"
"1","   1868.2"
"1"," 1936.2"
"1","
<none>                           "
"1","   "
"1","   1866.2"
"1"," 1936.2"
"1","
- pcb_sum_all:cholesterol        "
"1","  1"
"1","   1868.5"
"1"," 1936.5"
"1","
- triglycerides:maternal_age     "
"1","  1"
"1","   1869.4"
"1"," 1937.4"
"1","
- smoking_status:score_occupation"
"1","  1"
"1","   1870.1"
"1"," 1938.1"
"1","
- pcb_sum_all:maternal_age       "
"1","  1"
"1","   1870.5"
"1"," 1938.5"
"1","
- pcb_sum_all:race               "
"1","  2"
"1","   1873.1"
"1"," 1939.1"
"1","
- center                         "
"1"," 11"
"1","   1898.5"
"1"," 1946.5"
"1","
"
"1","
Step:  AIC="
"1","1934.67"
"1","
"
"1","early_delivery ~ dde + pcb_sum_all + triglycerides + cholesterol + "
"1","
    race + smoking_status + center + score_occupation + maternal_age + "
"1","
    dde:score_occupation + pcb_sum_all:cholesterol + pcb_sum_all:race + "
"1","
    pcb_sum_all:smoking_status + pcb_sum_all:maternal_age + triglycerides:race + "
"1","
    triglycerides:maternal_age + cholesterol:score_occupation + "
"1","
    race:maternal_age + smoking_status:score_occupation"
"1","

"
"1","                                 "
"1"," Df"
"1"," Deviance"
"1","    AIC"
"1","
- pcb_sum_all:smoking_status     "
"1","  1"
"1","   1867.4"
"1"," 1933.4"
"1","
- dde:score_occupation           "
"1","  1"
"1","   1867.9"
"1"," 1933.9"
"1","
- race:maternal_age              "
"1","  2"
"1","   1870.1"
"1"," 1934.1"
"1","
- pcb_sum_all:cholesterol        "
"1","  1"
"1","   1868.5"
"1"," 1934.5"
"1","
- triglycerides:race             "
"1","  2"
"1","   1870.5"
"1"," 1934.5"
"1","
- cholesterol:score_occupation   "
"1","  1"
"1","   1868.6"
"1"," 1934.6"
"1","
<none>                           "
"1","   "
"1","   1866.7"
"1"," 1934.7"
"1","
- triglycerides:maternal_age     "
"1","  1"
"1","   1869.8"
"1"," 1935.8"
"1","
- smoking_status:score_occupation"
"1","  1"
"1","   1870.7"
"1"," 1936.7"
"1","
- pcb_sum_all:maternal_age       "
"1","  1"
"1","   1870.9"
"1"," 1936.9"
"1","
- pcb_sum_all:race               "
"1","  2"
"1","   1873.2"
"1"," 1937.2"
"1","
- center                         "
"1"," 11"
"1","   1899.2"
"1"," 1945.2"
"1","
"
"1","
Step:  AIC="
"1","1933.38"
"1","
"
"1","early_delivery ~ dde + pcb_sum_all + triglycerides + cholesterol + "
"1","
    race + smoking_status + center + score_occupation + maternal_age + "
"1","
    dde:score_occupation + pcb_sum_all:cholesterol + pcb_sum_all:race + "
"1","
    pcb_sum_all:maternal_age + triglycerides:race + triglycerides:maternal_age + "
"1","
    cholesterol:score_occupation + race:maternal_age + smoking_status:score_occupation"
"1","

"
"1","                                 "
"1"," Df"
"1"," Deviance"
"1","    AIC"
"1","
- dde:score_occupation           "
"1","  1"
"1","   1868.6"
"1"," 1932.6"
"1","
- race:maternal_age              "
"1","  2"
"1","   1870.8"
"1"," 1932.8"
"1","
- pcb_sum_all:cholesterol        "
"1","  1"
"1","   1869.0"
"1"," 1933.0"
"1","
- cholesterol:score_occupation   "
"1","  1"
"1","   1869.3"
"1"," 1933.3"
"1","
- triglycerides:race             "
"1","  2"
"1","   1871.3"
"1"," 1933.3"
"1","
<none>                           "
"1","   "
"1","   1867.4"
"1"," 1933.4"
"1","
- triglycerides:maternal_age     "
"1","  1"
"1","   1870.5"
"1"," 1934.5"
"1","
- pcb_sum_all:maternal_age       "
"1","  1"
"1","   1871.5"
"1"," 1935.5"
"1","
- pcb_sum_all:race               "
"1","  2"
"1","   1873.8"
"1"," 1935.8"
"1","
- smoking_status:score_occupation"
"1","  1"
"1","   1872.6"
"1"," 1936.6"
"1","
- center                         "
"1"," 11"
"1","   1899.7"
"1"," 1943.7"
"1","
"
"1","
Step:  AIC="
"1","1932.59"
"1","
"
"1","early_delivery ~ dde + pcb_sum_all + triglycerides + cholesterol + "
"1","
    race + smoking_status + center + score_occupation + maternal_age + "
"1","
    pcb_sum_all:cholesterol + pcb_sum_all:race + pcb_sum_all:maternal_age + "
"1","
    triglycerides:race + triglycerides:maternal_age + cholesterol:score_occupation + "
"1","
    race:maternal_age + smoking_status:score_occupation"
"1","

"
"1","                                 "
"1"," Df"
"1"," Deviance"
"1","    AIC"
"1","
- race:maternal_age              "
"1","  2"
"1","   1871.9"
"1"," 1931.9"
"1","
- cholesterol:score_occupation   "
"1","  1"
"1","   1870.1"
"1"," 1932.1"
"1","
- pcb_sum_all:cholesterol        "
"1","  1"
"1","   1870.3"
"1"," 1932.3"
"1","
- triglycerides:race             "
"1","  2"
"1","   1872.5"
"1"," 1932.5"
"1","
<none>                           "
"1","   "
"1","   1868.6"
"1"," 1932.6"
"1","
- triglycerides:maternal_age     "
"1","  1"
"1","   1871.9"
"1"," 1933.9"
"1","
- pcb_sum_all:maternal_age       "
"1","  1"
"1","   1872.9"
"1"," 1934.9"
"1","
- pcb_sum_all:race               "
"1","  2"
"1","   1875.0"
"1"," 1935.0"
"1","
- smoking_status:score_occupation"
"1","  1"
"1","   1873.9"
"1"," 1935.9"
"1","
- dde                            "
"1","  1"
"1","   1874.8"
"1"," 1936.8"
"1","
- center                         "
"1"," 11"
"1","   1901.3"
"1"," 1943.3"
"1","
"
"1","
Step:  AIC="
"1","1931.93"
"1","
"
"1","early_delivery ~ dde + pcb_sum_all + triglycerides + cholesterol + "
"1","
    race + smoking_status + center + score_occupation + maternal_age + "
"1","
    pcb_sum_all:cholesterol + pcb_sum_all:race + pcb_sum_all:maternal_age + "
"1","
    triglycerides:race + triglycerides:maternal_age + cholesterol:score_occupation + "
"1","
    smoking_status:score_occupation"
"1","

"
"1","                                 "
"1"," Df"
"1"," Deviance"
"1","    AIC"
"1","
- cholesterol:score_occupation   "
"1","  1"
"1","   1873.5"
"1"," 1931.5"
"1","
- pcb_sum_all:cholesterol        "
"1","  1"
"1","   1873.6"
"1"," 1931.6"
"1","
<none>                           "
"1","   "
"1","   1871.9"
"1"," 1931.9"
"1","
- pcb_sum_all:race               "
"1","  2"
"1","   1877.1"
"1"," 1933.1"
"1","
- triglycerides:race             "
"1","  2"
"1","   1877.2"
"1"," 1933.2"
"1","
- pcb_sum_all:maternal_age       "
"1","  1"
"1","   1876.7"
"1"," 1934.7"
"1","
- smoking_status:score_occupation"
"1","  1"
"1","   1877.1"
"1"," 1935.1"
"1","
- triglycerides:maternal_age     "
"1","  1"
"1","   1877.3"
"1"," 1935.3"
"1","
- dde                            "
"1","  1"
"1","   1878.6"
"1"," 1936.6"
"1","
- center                         "
"1"," 11"
"1","   1905.0"
"1"," 1943.0"
"1","
"
"1","
Step:  AIC="
"1","1931.52"
"1","
"
"1","early_delivery ~ dde + pcb_sum_all + triglycerides + cholesterol + "
"1","
    race + smoking_status + center + score_occupation + maternal_age + "
"1","
    pcb_sum_all:cholesterol + pcb_sum_all:race + pcb_sum_all:maternal_age + "
"1","
    triglycerides:race + triglycerides:maternal_age + smoking_status:score_occupation"
"1","

"
"1","                                 "
"1"," Df"
"1"," Deviance"
"1","    AIC"
"1","
- pcb_sum_all:cholesterol        "
"1","  1"
"1","   1874.6"
"1"," 1930.6"
"1","
<none>                           "
"1","   "
"1","   1873.5"
"1"," 1931.5"
"1","
- triglycerides:race             "
"1","  2"
"1","   1878.8"
"1"," 1932.8"
"1","
- pcb_sum_all:race               "
"1","  2"
"1","   1878.8"
"1"," 1932.8"
"1","
- pcb_sum_all:maternal_age       "
"1","  1"
"1","   1878.2"
"1"," 1934.2"
"1","
- smoking_status:score_occupation"
"1","  1"
"1","   1878.7"
"1"," 1934.7"
"1","
- triglycerides:maternal_age     "
"1","  1"
"1","   1878.8"
"1"," 1934.8"
"1","
- dde                            "
"1","  1"
"1","   1880.4"
"1"," 1936.4"
"1","
- center                         "
"1"," 11"
"1","   1906.6"
"1"," 1942.6"
"1","
"
"1","
Step:  AIC="
"1","1930.58"
"1","
"
"1","early_delivery ~ dde + pcb_sum_all + triglycerides + cholesterol + "
"1","
    race + smoking_status + center + score_occupation + maternal_age + "
"1","
    pcb_sum_all:race + pcb_sum_all:maternal_age + triglycerides:race + "
"1","
    triglycerides:maternal_age + smoking_status:score_occupation"
"1","

"
"1","                                 "
"1"," Df"
"1"," Deviance"
"1","    AIC"
"1","
<none>                           "
"1","   "
"1","   1874.6"
"1"," 1930.6"
"1","
- pcb_sum_all:race               "
"1","  2"
"1","   1879.6"
"1"," 1931.6"
"1","
- triglycerides:race             "
"1","  2"
"1","   1880.1"
"1"," 1932.1"
"1","
- smoking_status:score_occupation"
"1","  1"
"1","   1879.7"
"1"," 1933.7"
"1","
- triglycerides:maternal_age     "
"1","  1"
"1","   1879.8"
"1"," 1933.8"
"1","
- cholesterol                    "
"1","  1"
"1","   1880.0"
"1"," 1934.0"
"1","
- pcb_sum_all:maternal_age       "
"1","  1"
"1","   1880.2"
"1"," 1934.2"
"1","
- dde                            "
"1","  1"
"1","   1881.7"
"1"," 1935.7"
"1","
- center                         "
"1"," 11"
"1","   1907.2"
"1"," 1941.2"
"1","
"
